,1,2,3,4,5,6,7,8,9,10,11,12,13,14,15,16,17,18,19,20,21,22,23,24,25,26,27,28,29,30,31,32,33,34,35,36,37,38,39,40,41,42,43,44,45,46,47,48,49,50,51,52,53,54,55,56,57,58,59,60,61,62,63,64,65,66,67,68,69,70,71,72,73,74,75,76,77,78,79,80,81,82,83,84,85,86,87,88,89,90,91,92,93,94,95,96,97,98,99,100,101,102,103,104,105,106,107,108,109,110,111,112,113,114,115,116,117,118,119,120,121,122,123,124,125,126,127
1,0.0,20.32,26.23,27.19,27.25,23.38,30.52,26.01,27.9,23.57,25.22,21.4,29.23,26.28,30.68,32.2,39.11,29.1,27.74,40.49,29.38,37.17,24.63,31.34,27.94,27.3,30.22,32.19,24.71,26.97,25.83,27.23,27.29,24.09,37.39,32.05,27.79,23.51,22.58,29.68,25.49,21.33,21.34,27.34,28.16,24.22,23.95,28.26,28.05,23.12,21.48,15.5,26.48,22.07,25.95,20.79,19.59,22.39,18.97,21.93,20.57,27.85,33.19,26.04,29.41,29.02,26.85,23.3,27.85,31.32,24.79,29.16,25.12,39.27,21.39,25.92,31.97,30.12,27.33,29.83,31.02,29.0,14.75,18.79,14.61,20.49,28.17,31.36,28.21,26.5,26.5,26.5,30.76,29.54,28.01,14.21,29.09,31.13,26.35,28.93,23.77,32.25,31.96,25.85,26.61,37.35,24.19,21.65,31.61,23.22,29.47,34.67,34.66,35.54,27.29,23.25,29.63,23.94,29.13,20.2,42.59,25.94,31.56,24.98,27.29,32.58,36.69
2,20.32,0.0,6.1,7.09,7.01,3.11,10.22,5.77,7.61,4.0,5.27,3.96,8.98,6.49,10.43,11.9,18.8,9.08,7.99,20.18,9.51,16.91,7.51,11.61,9.29,8.99,10.87,12.66,9.04,9.45,9.24,9.64,9.72,9.57,17.48,13.08,11.81,14.49,17.42,14.6,32.91,3.96,3.88,8.24,8.59,4.28,3.98,8.25,8.03,2.88,1.17,5.46,6.32,1.76,5.72,0.78,1.32,2.1,2.47,1.85,1.53,7.53,12.96,5.76,9.1,8.7,6.56,3.49,7.54,11.01,4.8,8.86,5.21,19.04,3.95,5.96,11.65,9.84,7.27,9.58,10.74,8.86,11.8,7.11,12.13,5.94,8.34,11.21,8.51,7.4,7.41,7.41,10.74,9.71,8.76,17.29,9.61,11.28,7.96,9.77,7.86,12.43,12.24,8.48,8.74,17.17,8.52,9.65,12.17,9.28,10.83,14.86,14.94,15.75,10.51,10.94,12.1,11.97,12.14,20.51,22.85,14.75,14.92,16.25,33.14,20.75,43.98
3,26.23,6.1,0.0,0.99,1.2,3.62,4.5,2.8,3.02,5.03,4.0,7.6,4.3,4.64,5.47,6.56,12.96,5.28,5.34,14.35,5.97,11.54,8.78,7.9,7.98,8.25,8.0,9.12,10.72,9.38,10.11,9.43,9.48,11.79,12.82,10.27,12.22,17.8,21.38,14.9,38.1,5.65,5.59,3.34,2.93,2.03,2.28,2.16,1.94,3.22,5.02,11.54,0.29,4.51,0.61,5.88,7.18,4.32,8.2,5.02,6.52,2.34,6.97,2.43,3.47,3.2,2.44,4.7,2.66,5.31,3.92,3.8,4.1,13.04,7.59,4.01,6.12,4.85,4.09,4.78,5.58,4.73,17.38,11.92,17.71,10.05,5.33,6.54,5.75,6.36,6.36,6.36,6.53,6.24,6.78,22.89,6.9,7.38,7.61,7.52,9.94,8.41,8.43,8.99,8.6,12.0,10.45,13.19,8.85,11.97,8.99,10.56,10.77,11.41,10.71,13.86,11.12,14.72,11.63,25.32,18.2,17.12,14.04,19.29,38.07,21.77,48.84
4,27.19,7.09,0.99,0.0,0.84,4.54,3.69,3.26,2.86,5.81,4.58,8.46,3.92,5.02,4.91,5.84,12.04,5.1,5.45,13.42,5.8,10.73,9.35,7.58,8.18,8.53,7.88,8.8,11.27,9.72,10.57,9.75,9.8,12.39,12.17,10.08,12.56,18.46,22.11,15.18,38.96,6.45,6.39,3.0,2.25,2.97,3.24,1.2,0.98,4.21,6.0,12.52,0.79,5.49,1.45,6.86,8.16,5.29,9.17,5.98,7.48,2.04,6.02,2.91,2.75,2.57,2.63,5.54,2.45,4.49,4.59,3.32,4.7,12.08,8.45,4.46,5.34,4.31,4.22,4.32,4.94,4.49,18.3,12.79,18.64,10.88,5.36,6.03,5.8,6.71,6.71,6.71,6.14,6.07,6.92,23.82,6.87,7.04,7.99,7.56,10.56,8.0,8.07,9.44,8.97,11.25,11.04,13.93,8.6,12.63,9.04,10.04,10.27,10.87,11.05,14.52,11.26,15.34,11.83,26.14,17.52,17.67,14.13,19.9,38.9,22.08,49.64
5,27.25,7.01,1.2,0.84,0.0,4.22,3.35,2.55,2.03,5.27,3.91,7.98,3.17,4.23,4.29,5.37,11.88,4.29,4.61,13.26,4.99,10.36,8.62,6.82,7.35,7.71,7.06,8.05,10.54,8.92,9.79,8.94,8.98,11.68,11.62,9.28,11.75,17.78,21.47,14.35,38.45,6.84,6.78,3.84,3.03,3.17,3.39,1.72,1.55,4.14,5.87,12.37,0.9,5.32,1.31,6.69,7.99,5.07,8.94,5.71,7.22,1.24,5.95,2.21,2.29,2.0,1.83,5.07,1.63,4.16,3.97,2.63,4.03,12.04,7.98,3.71,4.94,3.67,3.39,3.63,4.38,3.69,17.93,12.34,18.27,10.38,4.52,5.37,4.96,5.91,5.91,5.91,5.41,5.26,6.08,23.43,6.04,6.29,7.19,6.73,9.87,7.29,7.33,8.67,8.17,10.81,10.33,13.31,7.82,11.95,8.21,9.39,9.61,10.24,10.24,13.83,10.42,14.63,11.0,25.59,17.0,16.92,13.29,19.19,38.35,21.26,49.07
6,23.38,3.11,3.62,4.54,4.22,0.0,7.23,2.66,4.52,1.93,2.35,4.06,5.88,3.61,7.33,8.82,15.79,6.01,5.05,17.16,6.48,13.81,6.14,8.6,6.82,6.73,8.01,9.7,8.0,7.51,7.75,7.64,7.71,8.89,14.39,10.29,10.2,14.62,18.03,13.01,34.5,5.09,5.0,6.57,6.49,2.61,2.38,5.74,5.52,1.31,1.96,8.21,3.75,1.37,3.08,2.59,3.85,1.01,4.73,1.51,3.01,4.52,10.06,2.66,6.12,5.7,3.47,1.38,4.48,8.0,1.9,5.78,2.33,16.12,4.05,2.98,8.6,6.74,4.2,6.48,7.64,5.76,13.77,8.32,14.1,6.52,5.35,8.1,5.58,4.89,4.89,4.89,7.65,6.7,6.04,19.28,6.74,8.23,5.78,7.02,7.01,9.39,9.22,6.76,6.72,14.06,7.61,9.87,9.24,8.89,8.25,11.8,11.89,12.69,8.74,10.75,9.88,11.69,10.11,21.77,19.77,14.28,12.81,16.22,34.52,19.61,45.31
7,30.52,10.22,4.5,3.69,3.35,7.23,0.0,4.81,2.94,7.71,6.02,10.46,2.29,5.61,1.98,2.21,8.59,3.66,4.99,9.97,4.2,7.04,9.96,5.09,7.49,8.13,6.05,6.19,11.71,9.43,10.66,9.36,9.38,12.96,8.6,7.79,12.03,19.11,23.01,14.28,40.5,10.13,10.07,5.73,4.45,6.52,6.74,3.15,3.26,7.41,9.06,15.44,4.22,8.48,4.64,9.81,11.08,8.18,11.93,8.73,10.21,2.71,2.93,4.66,1.12,1.53,3.86,7.71,2.81,0.81,6.3,1.81,6.15,8.89,10.46,5.48,1.65,1.73,4.3,2.08,1.68,3.11,20.51,14.74,20.85,12.66,4.61,3.02,5.0,6.83,6.83,6.83,3.62,4.4,6.21,25.93,5.55,4.53,8.03,6.37,11.35,5.14,5.38,9.59,8.84,7.57,11.66,15.06,6.21,13.43,7.71,6.73,7.03,7.49,10.65,15.23,10.05,15.87,10.84,27.53,13.89,17.8,12.61,20.31,40.21,21.16,50.8
8,26.01,5.77,2.8,3.26,2.55,2.66,4.81,0.0,1.93,2.93,1.37,5.69,3.22,1.86,4.68,6.2,13.25,3.43,2.83,14.61,3.97,11.16,6.08,6.09,5.27,5.47,5.75,7.25,8.01,6.58,7.33,6.64,6.69,9.13,11.76,8.07,9.43,15.23,18.93,12.12,36.02,7.07,6.99,6.12,5.52,3.51,3.52,4.27,4.1,3.39,4.61,10.72,2.7,4.03,2.24,5.23,6.43,3.67,7.18,4.08,5.49,2.19,7.73,0.37,3.74,3.31,0.96,2.9,2.0,5.53,1.53,3.19,1.5,13.69,5.69,1.21,6.03,4.11,1.7,3.82,5.01,3.12,15.74,10.02,16.08,7.99,2.98,5.45,3.32,3.57,3.57,3.57,5.03,4.22,4.16,21.19,4.53,5.68,4.81,5.01,7.32,6.82,6.7,6.21,5.8,11.4,7.79,10.78,6.85,9.4,6.43,9.2,9.32,10.1,7.91,11.28,8.43,12.08,8.89,23.12,17.15,14.4,11.38,16.65,35.87,18.98,46.57
9,27.9,7.61,3.02,2.86,2.03,4.52,2.94,1.93,0.0,4.79,3.09,7.53,1.43,2.8,2.84,4.29,11.32,2.27,2.71,12.68,2.97,9.3,7.27,4.88,5.46,5.92,5.03,6.1,9.12,7.18,8.22,7.17,7.21,10.33,10.11,7.26,9.97,16.49,20.32,12.48,37.65,8.36,8.28,5.83,4.88,4.6,4.73,3.39,3.3,5.0,6.45,12.64,2.77,5.86,2.76,7.11,8.34,5.52,9.11,5.98,7.41,0.85,5.86,1.86,1.94,1.52,1.06,4.82,0.42,3.62,3.38,1.26,3.22,11.77,7.53,2.56,4.11,2.23,1.61,2.01,3.12,1.71,17.58,11.81,17.91,9.74,2.53,3.75,2.98,4.28,4.28,4.28,3.56,3.24,4.16,23.0,4.01,4.37,5.56,4.73,8.63,5.44,5.43,7.1,6.48,9.59,9.0,12.26,5.83,10.72,6.21,7.69,7.87,8.57,8.49,12.57,8.46,13.28,9.09,24.7,15.52,15.4,11.3,17.8,37.42,19.41,48.06
10,23.57,4.0,5.03,5.81,5.27,1.93,7.71,2.93,4.79,0.0,1.74,2.76,5.89,2.71,7.3,8.89,16.02,5.54,4.2,17.36,5.83,13.7,4.22,7.85,5.3,5.06,6.95,8.81,6.08,5.7,5.84,5.86,5.93,6.99,13.86,9.11,8.32,12.83,16.36,11.14,33.18,6.87,6.78,8.24,7.96,4.47,4.28,6.95,6.76,3.23,3.11,8.1,5.08,2.71,4.43,3.25,4.12,2.38,4.6,2.18,3.07,5.12,10.64,3.16,6.66,6.23,3.89,0.6,4.92,8.4,1.41,6.01,1.62,16.54,2.76,2.4,8.83,6.8,3.81,6.46,7.7,5.5,12.81,7.11,13.15,5.11,4.61,7.84,4.69,3.41,3.41,3.41,7.2,5.99,4.79,18.27,5.71,7.58,4.06,5.79,5.11,8.72,8.47,4.88,4.93,13.81,5.7,8.17,8.29,7.05,6.84,11.16,11.19,12.04,6.89,8.93,8.21,9.83,8.35,20.33,19.14,12.39,11.1,14.39,33.09,17.69,43.83
11,25.22,5.27,4.0,4.58,3.91,2.35,6.02,1.37,3.09,1.74,0.0,4.45,4.15,1.26,5.57,7.16,14.28,3.89,2.73,15.62,4.25,11.99,4.79,6.35,4.57,4.59,5.66,7.4,6.72,5.56,6.14,5.65,5.72,7.81,12.27,7.93,8.38,13.88,17.57,11.13,34.67,7.35,7.26,7.34,6.83,4.17,4.09,5.63,5.45,3.5,4.19,9.8,3.95,3.65,3.4,4.61,5.67,3.27,6.27,3.44,4.65,3.51,8.95,1.69,5.0,4.57,2.28,1.92,3.26,6.68,0.47,4.29,0.13,14.82,4.44,0.71,7.09,5.07,2.11,4.72,5.97,3.79,14.49,8.73,14.83,6.67,3.07,6.15,3.25,2.68,2.68,2.68,5.56,4.45,3.7,19.91,4.39,6.03,3.77,4.67,5.98,7.18,6.97,5.04,4.76,12.13,6.47,9.41,6.92,8.05,5.93,9.61,9.68,10.5,6.87,9.93,7.7,10.75,8.03,21.76,17.61,13.13,10.65,15.32,34.5,17.92,45.2
12,21.4,3.96,7.6,8.46,7.98,4.06,10.46,5.69,7.53,2.76,4.45,0.0,8.55,5.16,9.92,11.53,18.66,8.0,6.5,19.99,8.15,16.2,3.87,9.99,6.61,6.06,8.81,10.79,5.14,6.11,5.54,6.34,6.41,5.6,16.05,10.71,8.1,10.77,14.02,10.81,30.5,7.81,7.72,10.63,10.52,6.59,6.33,9.63,9.42,5.05,3.85,5.95,7.69,3.88,7.03,3.28,3.18,3.78,2.9,3.08,2.43,7.88,13.39,5.92,9.42,8.99,6.65,2.92,7.68,11.13,4.17,8.73,4.32,19.25,0.02,5.05,11.51,9.46,6.41,9.1,10.35,8.07,10.05,4.36,10.39,2.46,6.96,10.34,6.91,5.09,5.09,5.09,9.6,8.26,6.61,15.5,7.7,9.83,5.05,7.53,3.93,10.91,10.59,5.01,5.53,16.22,4.6,5.94,10.21,5.33,8.18,13.3,13.28,14.16,6.94,7.06,8.88,8.07,8.71,17.72,21.19,10.82,11.48,12.46,30.48,16.8,41.25
13,29.23,8.98,4.3,3.92,3.17,5.88,2.29,3.22,1.43,5.89,4.15,8.55,0.0,3.48,1.45,3.01,10.13,1.46,2.7,11.47,2.11,7.94,7.7,3.67,5.24,5.85,4.16,4.89,9.42,7.15,8.37,7.09,7.11,10.67,8.69,6.23,9.8,16.82,20.74,12.13,38.28,9.76,9.69,6.72,5.61,6.01,6.14,4.08,4.07,6.42,7.82,13.9,4.02,7.23,4.12,8.45,9.64,6.88,10.36,7.3,8.68,1.95,5.06,3.23,1.79,1.6,2.46,6.01,1.67,2.73,4.52,0.69,4.27,10.71,8.55,3.51,2.97,0.92,2.16,0.6,1.82,0.84,18.54,12.72,18.87,10.62,2.32,2.32,2.72,4.55,4.55,4.55,2.24,2.35,3.94,23.9,3.4,3.12,5.74,4.21,9.1,4.12,4.16,7.29,6.55,8.2,9.38,12.83,4.71,11.16,5.62,6.3,6.49,7.17,8.39,12.95,7.96,13.58,8.7,25.3,14.1,15.51,10.66,18.02,37.96,19.05,48.54
14,26.28,6.49,4.64,5.02,4.23,3.61,5.61,1.86,2.8,2.71,1.26,5.16,3.48,0.0,4.78,6.39,13.52,2.86,1.51,14.84,3.11,11.05,4.49,5.16,3.46,3.62,4.41,6.17,6.36,4.74,5.56,4.78,4.84,7.55,11.14,6.68,7.58,13.71,17.52,10.27,34.89,8.55,8.47,7.94,7.25,5.22,5.18,5.9,5.76,4.71,5.44,10.8,4.53,4.9,4.1,5.81,6.81,4.52,7.31,4.64,5.77,3.47,8.5,2.22,4.72,4.31,2.41,3.06,3.11,6.17,1.72,3.8,1.3,14.17,5.16,0.71,6.44,4.37,1.32,3.99,5.23,2.92,15.08,9.25,15.41,7.14,1.9,5.19,2.02,1.72,1.72,1.72,4.5,3.28,2.47,20.42,3.14,4.87,2.98,3.42,5.83,6.02,5.78,4.44,3.97,11.13,6.21,9.47,5.68,7.92,4.73,8.45,8.5,9.34,6.07,9.77,6.62,10.51,7.04,21.93,16.45,12.71,9.57,15.05,34.63,17.13,45.26
15,30.68,10.43,5.47,4.91,4.29,7.33,1.98,4.68,2.84,7.3,5.57,9.92,1.45,4.78,0.0,1.61,8.74,2.15,3.72,10.07,2.49,6.49,8.73,3.12,5.86,6.57,4.13,4.23,10.34,7.86,9.2,7.75,7.77,11.61,7.36,5.82,10.32,17.7,21.67,12.44,39.36,11.06,10.99,7.43,6.2,7.31,7.47,4.75,4.8,7.84,9.27,15.34,5.18,8.68,5.39,9.9,11.1,8.33,11.8,8.75,10.13,3.18,4.11,4.67,2.25,2.34,3.89,7.45,3.0,1.93,5.95,1.69,5.68,9.42,9.92,4.9,1.76,0.63,3.51,0.85,0.5,1.86,19.85,14.02,20.18,11.9,3.26,1.14,3.56,5.59,5.59,5.59,1.64,2.62,4.65,25.16,3.8,2.55,6.66,4.62,10.15,3.24,3.43,8.18,7.35,6.76,10.37,13.91,4.23,12.17,5.86,5.13,5.37,5.96,9.0,13.9,8.19,14.46,9.02,26.37,12.76,16.21,10.67,18.8,38.97,19.28,49.48
16,32.2,11.9,6.56,5.84,5.37,8.82,2.21,6.2,4.29,8.89,7.16,11.53,3.01,6.39,1.61,0.0,7.13,3.71,5.3,8.47,3.92,5.04,10.27,3.79,7.23,7.98,5.16,4.63,11.82,9.24,10.63,9.11,9.12,13.1,6.39,6.37,11.55,19.14,23.13,13.48,40.89,12.21,12.15,7.93,6.63,8.52,8.71,5.37,5.47,9.22,10.73,16.9,6.27,10.15,6.6,11.41,12.62,9.81,13.36,10.27,11.68,4.45,2.93,6.15,3.1,3.38,5.35,9.02,4.37,1.57,7.53,3.04,7.28,7.81,11.53,6.5,0.7,2.1,5.12,2.43,1.19,3.48,21.47,15.63,21.8,13.52,4.83,1.72,5.09,7.15,7.15,7.15,2.67,3.99,6.1,26.77,5.14,3.32,8.17,5.91,11.69,3.49,3.85,9.65,8.79,5.44,11.88,15.46,4.84,13.68,6.98,4.62,4.95,5.33,10.31,15.38,9.23,15.9,10.12,27.9,11.69,17.54,11.47,20.17,40.46,20.21,50.93
17,39.11,18.8,12.96,12.04,11.88,15.79,8.59,13.25,11.32,16.02,14.28,18.66,10.13,13.52,8.74,7.13,0.0,10.75,12.33,1.38,10.79,3.37,17.14,9.69,13.77,14.57,11.28,9.73,18.48,15.72,17.2,15.54,15.52,19.74,6.21,11.24,17.51,25.53,29.58,18.77,47.54,18.4,18.36,12.91,11.72,15.0,15.24,11.11,11.3,15.99,17.64,23.96,12.69,17.06,13.19,18.38,19.64,16.76,20.43,17.28,18.73,11.28,6.05,13.16,9.71,10.1,12.34,16.12,11.31,7.8,14.64,10.06,14.4,1.74,18.66,13.63,7.22,9.21,12.25,9.56,8.32,10.6,28.56,22.73,28.89,20.61,11.86,8.45,12.04,14.11,14.11,14.11,9.34,10.78,12.87,33.81,11.76,9.51,14.98,12.4,18.54,8.85,9.32,16.35,15.44,4.18,18.64,22.29,10.27,20.43,13.01,7.56,7.91,7.33,16.54,21.99,14.85,22.37,15.81,34.58,8.63,23.58,16.19,26.32,46.95,24.81,57.21
18,29.1,9.08,5.28,5.1,4.29,6.01,3.66,3.43,2.27,5.54,3.89,8.0,1.46,2.86,2.15,3.71,10.75,0.0,1.59,12.05,0.7,8.2,6.58,2.7,3.83,4.49,2.79,3.89,8.2,5.79,7.08,5.71,5.73,9.47,8.4,4.99,8.38,15.58,19.53,10.68,37.21,10.42,10.34,8.02,6.97,6.72,6.8,5.44,5.4,6.81,7.95,13.64,5.04,7.38,4.97,8.46,9.56,7.0,10.13,7.29,8.54,3.06,6.22,3.58,3.25,3.02,3.01,5.81,2.66,3.94,4.33,2.13,3.98,11.52,8.0,3.18,3.92,1.99,1.81,1.6,2.65,0.64,17.81,11.98,18.14,9.86,1.12,2.34,1.41,3.44,3.44,3.44,1.67,0.97,2.56,23.08,1.95,2.25,4.51,2.75,8.0,3.4,3.28,6.04,5.24,8.28,8.22,11.76,3.58,10.01,4.17,5.79,5.9,6.69,6.99,11.75,6.5,12.33,7.24,24.22,13.77,14.16,9.23,16.71,36.82,17.59,47.34
19,27.74,7.99,5.34,5.45,4.61,5.05,4.99,2.83,2.71,4.2,2.73,6.5,2.7,1.51,3.72,5.3,12.33,1.59,0.0,13.62,1.65,9.71,5.03,3.65,2.76,3.24,2.97,4.67,6.72,4.53,5.68,4.49,4.53,7.98,9.66,5.28,7.27,14.13,18.04,9.78,35.66,9.86,9.77,8.45,7.57,6.34,6.35,6.09,6.0,6.07,6.92,12.25,5.16,6.38,4.88,7.31,8.31,5.99,8.79,6.15,7.27,3.54,7.72,3.12,4.33,3.99,2.9,4.57,3.12,5.39,3.2,3.24,2.79,13.11,6.5,2.07,5.47,3.46,1.25,3.06,4.21,1.92,16.23,10.4,16.56,8.28,0.47,3.9,0.53,1.87,1.87,1.87,3.11,1.79,1.47,21.49,1.72,3.39,3.04,2.2,6.45,4.52,4.27,4.6,3.88,9.73,6.7,10.2,4.19,8.49,3.65,6.95,6.99,7.84,5.81,10.26,5.81,10.89,6.4,22.67,14.94,12.85,8.7,15.33,35.3,16.71,45.85
20,40.49,20.18,14.35,13.42,13.26,17.16,9.97,14.61,12.68,17.36,15.62,19.99,11.47,14.84,10.07,8.47,1.38,12.05,13.62,0.0,12.05,4.29,18.37,10.84,14.95,15.76,12.43,10.79,19.66,16.87,18.36,16.68,16.66,20.91,6.75,12.22,18.55,26.62,30.67,19.68,48.67,19.77,19.73,14.24,13.07,16.38,16.62,12.48,12.67,17.38,19.02,25.33,14.08,18.44,14.57,19.75,21.01,18.13,21.8,18.65,20.1,12.65,7.43,14.52,11.08,11.48,13.71,17.48,12.68,9.17,15.99,11.42,15.74,2.22,19.99,14.97,8.58,10.56,13.58,10.9,9.66,11.92,29.86,24.02,30.19,21.9,13.15,9.73,13.31,15.38,15.38,15.38,10.59,12.03,14.1,35.08,12.98,10.71,16.21,13.58,19.76,9.97,10.43,17.54,16.62,4.91,19.83,23.49,11.35,21.62,14.12,8.46,8.79,8.12,17.65,23.14,15.86,23.48,16.83,35.73,8.22,24.6,17.03,27.35,48.03,25.54,58.23
21,29.38,9.51,5.97,5.8,4.99,6.48,4.2,3.97,2.97,5.83,4.25,8.15,2.11,3.11,2.49,3.92,10.79,0.7,1.65,12.05,0.0,8.08,6.39,2.13,3.37,4.08,2.09,3.28,7.9,5.37,6.72,5.26,5.28,9.18,8.03,4.3,7.86,15.23,19.22,10.08,36.98,11.02,10.94,8.73,7.67,7.35,7.41,6.14,6.1,7.35,8.4,13.9,5.73,7.84,5.64,8.86,9.91,7.45,10.42,7.69,8.87,3.76,6.6,4.16,3.89,3.7,3.65,6.15,3.36,4.38,4.72,2.79,4.33,11.66,8.15,3.55,4.23,2.48,2.29,2.13,2.99,1.34,17.82,11.99,18.15,9.88,1.21,2.35,1.26,3.32,3.32,3.32,1.48,0.27,2.19,23.02,1.34,1.77,4.26,2.17,7.8,2.93,2.74,5.73,4.88,8.07,7.97,11.56,2.92,9.77,3.53,5.36,5.43,6.25,6.51,11.46,5.87,11.99,6.65,23.98,13.36,13.72,8.55,16.31,36.54,16.98,47.02
22,37.17,16.91,11.54,10.73,10.36,13.81,7.04,11.16,9.3,13.7,11.99,16.2,7.94,11.05,6.49,5.04,3.37,8.2,9.71,4.29,8.08,0.0,14.25,6.64,10.76,11.57,8.2,6.5,15.45,12.64,14.13,12.44,12.42,16.69,3.14,7.93,14.26,22.34,26.39,15.42,44.4,17.17,17.12,12.34,11.05,13.53,13.73,10.06,10.21,14.25,15.74,21.79,11.25,15.16,11.62,16.39,17.58,14.81,18.26,15.24,16.61,9.48,5.48,11.15,8.07,8.39,10.36,13.9,9.4,6.24,12.4,8.07,12.1,4.92,16.2,11.3,5.42,7.07,9.89,7.34,6.18,8.2,25.88,20.06,26.2,17.95,9.25,5.86,9.34,11.37,11.37,11.37,6.61,8.01,10.01,31.0,8.86,6.57,12.09,9.41,15.62,5.74,6.19,13.36,12.44,1.02,15.65,19.32,7.07,17.42,9.85,4.2,4.54,3.97,13.37,18.9,11.56,19.21,12.53,31.48,7.27,20.3,12.82,23.06,43.74,21.44,53.93
23,24.63,7.51,8.78,9.35,8.62,6.14,9.96,6.08,7.27,4.22,4.79,3.87,7.7,4.49,8.73,10.27,17.14,6.58,5.03,18.37,6.39,14.25,0.0,7.64,3.58,2.82,6.15,8.1,1.93,2.36,1.72,2.61,2.68,3.07,13.46,7.55,4.3,9.22,13.06,7.09,30.63,10.96,10.87,12.12,11.6,8.64,8.47,10.33,10.17,7.44,7.0,9.48,8.74,6.75,8.18,6.74,6.98,6.48,6.76,6.04,6.09,7.96,12.74,6.44,9.16,8.76,6.84,4.79,7.6,10.42,4.9,8.16,4.68,18.05,3.88,4.92,10.49,8.49,5.71,8.09,9.23,6.95,11.74,6.09,12.06,4.16,5.47,8.73,5.19,3.16,3.16,3.16,7.81,6.38,4.27,16.75,5.4,7.68,2.16,4.87,1.42,8.57,8.15,1.23,2.02,14.06,1.72,5.18,7.48,3.47,4.95,10.74,10.62,11.52,3.07,5.29,5.12,6.02,4.86,17.64,18.27,8.34,7.62,10.58,30.27,13.49,40.84
24,31.34,11.61,7.9,7.58,6.82,8.6,5.09,6.09,4.88,7.85,6.35,9.99,3.67,5.16,3.12,3.79,9.69,2.7,3.65,10.84,2.13,6.64,7.64,0.0,4.12,4.93,1.6,1.22,8.82,6.03,7.52,5.85,5.84,10.07,6.06,2.7,7.97,15.86,19.91,9.72,37.85,13.12,13.04,10.36,9.19,9.41,9.49,7.69,7.7,9.48,10.52,15.85,7.64,9.96,7.63,10.95,11.96,9.57,12.41,9.78,10.92,5.59,6.72,6.27,5.22,5.18,5.7,8.21,5.24,4.92,6.81,4.3,6.42,10.81,9.99,5.65,4.37,3.51,4.42,3.35,3.45,3.18,19.33,13.56,19.65,11.48,3.27,2.16,3.15,4.93,4.93,4.93,1.51,1.9,3.46,24.39,2.32,0.57,5.49,2.77,8.99,0.94,0.62,6.72,5.8,6.43,9.01,12.68,1.12,10.78,3.38,3.32,3.35,4.2,6.89,12.3,5.5,12.68,6.43,24.9,11.3,14.04,7.69,16.74,37.28,16.42,47.61
25,27.94,9.29,7.98,8.18,7.35,6.82,7.49,5.27,5.46,5.3,4.57,6.61,5.24,3.46,5.86,7.23,13.77,3.83,2.76,14.95,3.37,10.76,3.58,4.12,0.0,0.81,2.58,4.52,4.71,2.02,3.44,1.9,1.91,5.98,9.87,4.11,4.56,11.92,15.93,7.02,33.8,11.89,11.8,11.18,10.32,8.68,8.62,8.85,8.75,8.04,8.4,12.55,7.82,7.95,7.47,8.53,9.23,7.58,9.38,7.48,8.19,6.3,9.97,5.61,6.98,6.68,5.57,5.85,5.87,7.74,4.96,5.86,4.55,14.8,6.62,4.16,7.59,5.81,3.96,5.43,6.35,4.4,15.33,9.65,15.64,7.63,2.98,5.55,2.54,1.93,1.93,1.93,4.59,3.25,1.32,20.3,2.09,4.26,1.59,1.37,4.89,5.03,4.6,2.6,1.68,10.51,4.89,8.56,3.9,6.66,1.58,7.15,7.03,7.93,3.16,8.23,3.17,8.69,3.66,20.82,14.76,10.36,6.12,12.95,33.29,13.95,43.71
26,27.3,8.99,8.25,8.53,7.71,6.73,8.13,5.47,5.92,5.06,4.59,6.06,5.85,3.62,6.57,7.98,14.57,4.49,3.24,15.76,4.08,11.57,2.82,4.93,0.81,0.0,3.38,5.3,3.91,1.3,2.66,1.25,1.29,5.18,10.64,4.77,4.05,11.16,15.16,6.66,33.0,11.81,11.72,11.51,10.72,8.76,8.68,9.28,9.17,7.99,8.18,11.97,8.12,7.76,7.71,8.22,8.83,7.41,8.89,7.23,7.81,6.74,10.68,5.83,7.55,7.23,5.9,5.64,6.32,8.42,4.94,6.44,4.55,15.59,6.08,4.3,8.31,6.48,4.35,6.09,7.07,5.02,14.55,8.9,14.87,6.92,3.54,6.32,3.13,1.93,1.93,1.93,5.36,3.99,1.93,19.5,2.86,5.06,1.05,2.18,4.09,5.84,5.41,1.8,0.87,11.32,4.08,7.75,4.68,5.86,2.17,7.93,7.8,8.7,2.57,7.44,3.16,7.93,3.44,20.02,15.47,9.68,6.09,12.23,32.51,13.55,42.95
27,30.22,10.87,8.0,7.88,7.06,8.01,6.05,5.75,5.03,6.95,5.66,8.81,4.16,4.41,4.13,5.16,11.28,2.79,2.97,12.43,2.09,8.2,6.15,1.6,2.58,3.38,0.0,1.99,7.25,4.44,5.94,4.26,4.24,8.49,7.34,2.32,6.43,14.27,18.31,8.34,36.26,12.82,12.73,10.81,9.75,9.24,9.27,8.22,8.18,9.04,9.84,14.74,7.77,9.31,7.63,10.16,11.06,8.92,11.4,9.02,10.01,5.84,8.06,6.01,5.91,5.75,5.62,7.39,5.44,6.06,6.13,4.84,5.7,12.4,8.82,5.03,5.66,4.34,4.07,4.05,4.57,3.42,17.89,12.17,18.21,10.11,2.77,3.45,2.45,3.73,3.72,3.72,2.54,1.82,2.21,22.88,1.27,1.88,4.05,1.31,7.47,2.46,2.02,5.18,4.25,7.93,7.46,11.13,1.39,9.22,1.83,4.6,4.51,5.41,5.3,10.71,4.08,11.09,4.96,23.31,12.38,12.48,6.56,15.16,35.69,15.15,46.03
28,32.19,12.66,9.12,8.8,8.05,9.7,6.19,7.25,6.1,8.81,7.4,10.79,4.89,6.17,4.23,4.63,9.73,3.89,4.67,10.79,3.28,6.5,8.1,1.22,4.52,5.3,1.99,0.0,9.06,6.23,7.72,6.01,5.98,10.27,5.36,1.76,7.77,15.83,19.88,9.21,37.9,14.3,14.22,11.56,10.38,10.61,10.68,8.89,8.9,10.62,11.59,16.7,8.86,11.04,8.85,11.98,12.94,10.65,13.33,10.82,11.89,6.81,7.51,7.44,6.4,6.38,6.9,9.22,6.46,5.93,7.87,5.51,7.46,11.0,10.8,6.72,5.28,4.68,5.56,4.55,4.51,4.4,19.84,14.14,20.16,12.1,4.35,3.18,4.15,5.7,5.7,5.7,2.69,3.03,4.18,24.78,3.12,1.77,6.03,3.3,9.39,1.15,0.81,7.07,6.15,6.11,9.32,12.97,0.62,11.04,3.38,2.64,2.53,3.43,6.88,12.44,5.13,12.72,6.09,24.99,10.4,13.84,6.94,16.58,37.24,15.73,47.47
29,24.71,9.04,10.72,11.27,10.54,8.0,11.71,8.01,9.12,6.08,6.72,5.14,9.42,6.36,10.34,11.82,18.48,8.2,6.72,19.66,7.9,15.45,1.93,8.82,4.71,3.91,7.25,9.06,0.0,2.84,1.35,3.06,3.09,1.28,14.31,8.16,3.2,7.41,11.33,5.74,29.1,12.67,12.58,14.05,13.52,10.53,10.35,12.24,12.08,9.28,8.67,10.08,10.67,8.49,10.12,8.3,8.32,8.24,7.87,7.73,7.54,9.83,14.42,8.36,10.96,10.58,8.75,6.63,9.46,12.11,6.83,9.93,6.61,19.49,5.16,6.83,12.1,10.16,7.53,9.76,10.84,8.63,11.09,5.92,11.38,4.45,7.13,10.2,6.79,4.89,4.89,4.89,9.25,7.84,5.72,15.76,6.75,8.97,3.69,6.09,1.22,9.71,9.27,2.17,3.05,15.15,0.58,3.92,8.45,1.98,5.71,11.68,11.5,12.38,2.62,3.56,5.02,4.17,4.42,16.12,18.82,6.41,6.92,8.68,28.64,11.75,39.14
30,26.97,9.45,9.38,9.72,8.92,7.51,9.43,6.58,7.18,5.7,5.56,6.11,7.15,4.74,7.86,9.24,15.72,5.79,4.53,16.87,5.37,12.64,2.36,6.03,2.02,1.3,4.44,6.23,2.84,0.0,1.5,0.25,0.32,4.06,11.49,5.38,2.84,9.91,13.93,5.57,31.83,12.56,12.46,12.68,11.94,9.72,9.61,10.52,10.4,8.81,8.76,11.84,9.26,8.41,8.82,8.67,9.11,8.07,9.0,7.79,8.14,7.99,11.97,6.95,8.85,8.52,7.09,6.3,7.57,9.72,5.85,7.74,5.5,16.78,6.12,5.38,9.6,7.78,5.59,7.39,8.36,6.32,13.8,8.33,14.1,6.48,4.84,7.56,4.43,3.02,3.02,3.02,6.6,5.26,3.23,18.58,4.11,6.22,1.79,3.36,3.32,6.9,6.45,1.13,0.8,12.32,3.13,6.75,5.62,4.81,2.87,8.84,8.67,9.55,1.33,6.27,2.78,6.69,2.68,18.87,16.1,8.37,5.47,10.94,31.29,12.4,41.7
31,25.83,9.24,10.11,10.57,9.79,7.75,10.66,7.33,8.22,5.84,6.14,5.54,8.37,5.56,9.2,10.63,17.2,7.08,5.68,18.36,6.72,14.13,1.72,7.52,3.44,2.66,5.94,7.72,1.35,1.5,0.0,1.71,1.75,2.56,12.97,6.82,2.58,8.51,12.5,5.37,30.35,12.65,12.56,13.44,12.81,10.17,10.02,11.46,11.32,9.06,8.71,10.94,10.03,8.44,9.52,8.47,8.69,8.15,8.41,7.74,7.81,8.98,13.3,7.69,9.99,9.63,7.97,6.43,8.59,11.01,6.33,8.92,6.05,18.24,5.56,6.12,10.95,9.06,6.61,8.67,9.7,7.56,12.4,7.08,12.7,5.4,6.06,8.98,5.68,3.94,3.94,3.94,8.02,6.64,4.54,17.11,5.52,7.69,2.66,4.81,2.07,8.4,7.95,1.13,1.84,13.82,1.71,5.26,7.12,3.32,4.36,10.33,10.15,11.04,1.48,4.79,3.8,5.27,3.34,17.39,17.5,7.18,6.01,9.65,29.85,11.86,40.3
32,27.23,9.64,9.43,9.75,8.94,7.64,9.36,6.64,7.17,5.86,5.65,6.34,7.09,4.78,7.75,9.11,15.54,5.71,4.49,16.68,5.26,12.44,2.61,5.85,1.9,1.25,4.26,6.01,3.06,0.25,1.71,0.0,0.08,4.26,11.26,5.14,2.81,10.06,14.08,5.49,32.0,12.71,12.61,12.71,11.95,9.82,9.72,10.52,10.4,8.94,8.93,12.08,9.31,8.57,8.88,8.86,9.32,8.23,9.23,7.96,8.34,7.98,11.87,7.0,8.8,8.48,7.12,6.45,7.57,9.63,5.96,7.69,5.59,16.62,6.35,5.44,9.48,7.69,5.59,7.31,8.25,6.25,14.05,8.58,14.35,6.74,4.79,7.42,4.37,3.07,3.07,3.07,6.46,5.14,3.15,18.81,3.98,6.06,1.88,3.21,3.57,6.71,6.26,1.38,0.93,12.11,3.37,6.97,5.41,5.03,2.65,8.62,8.44,9.33,1.32,6.46,2.54,6.85,2.5,19.05,15.85,8.46,5.27,11.06,31.45,12.35,41.84
33,27.29,9.72,9.48,9.8,8.98,7.71,9.38,6.69,7.21,5.93,5.72,6.41,7.11,4.84,7.77,9.12,15.52,5.73,4.53,16.66,5.28,12.42,2.68,5.84,1.91,1.29,4.24,5.98,3.09,0.32,1.75,0.08,0.0,4.29,11.22,5.09,2.77,10.06,14.09,5.43,32.02,12.78,12.69,12.76,12.0,9.89,9.79,10.57,10.45,9.01,9.0,12.16,9.36,8.64,8.93,8.94,9.39,8.3,9.31,8.04,8.42,8.02,11.88,7.05,8.83,8.51,7.17,6.53,7.61,9.65,6.02,7.72,5.66,16.61,6.43,5.5,9.49,7.71,5.63,7.33,8.26,6.28,14.1,8.64,14.4,6.81,4.82,7.43,4.4,3.12,3.12,3.12,6.47,5.15,3.18,18.85,3.98,6.05,1.95,3.21,3.63,6.69,6.24,1.45,1.0,12.09,3.42,7.01,5.38,5.07,2.62,8.59,8.4,9.29,1.28,6.48,2.47,6.86,2.43,19.07,15.8,8.45,5.2,11.05,31.46,12.3,41.85
34,24.09,9.57,11.79,12.39,11.68,8.89,12.96,9.13,10.33,6.99,7.81,5.6,10.67,7.55,11.61,13.1,19.74,9.47,7.98,20.91,9.18,16.69,3.07,10.07,5.98,5.18,8.49,10.27,1.28,4.06,2.56,4.26,4.29,0.0,15.48,9.29,3.72,6.17,10.07,5.81,27.83,13.35,13.25,15.11,14.64,11.46,11.26,13.39,13.23,10.13,9.34,9.9,11.76,9.23,11.19,8.86,8.71,9.02,8.1,8.44,8.04,11.02,15.68,9.48,12.19,11.81,9.91,7.51,10.66,13.37,7.88,11.17,7.7,20.76,5.62,7.98,13.37,11.42,8.75,11.02,12.11,9.9,10.15,5.38,10.43,4.33,8.39,11.47,8.06,6.13,6.13,6.13,10.52,9.12,6.99,14.64,8.02,10.23,4.96,7.35,1.88,10.96,10.5,3.45,4.32,16.37,1.35,2.8,9.67,0.9,6.9,12.87,12.68,13.55,3.6,2.29,5.97,2.96,5.24,14.85,19.87,5.4,7.47,7.52,27.37,11.22,37.88
35,37.39,17.48,12.82,12.17,11.62,14.39,8.6,11.76,10.11,13.86,12.27,16.05,8.69,11.14,7.36,6.39,6.21,8.4,9.66,6.75,8.03,3.14,13.46,6.06,9.87,10.64,7.34,5.36,14.31,11.49,12.97,11.26,11.22,15.48,0.0,6.21,12.56,20.69,24.71,13.25,42.75,18.41,18.35,14.28,12.98,14.67,14.82,11.75,11.86,15.09,16.35,21.9,12.53,15.77,12.75,16.86,17.94,15.39,18.45,15.69,16.91,10.54,7.94,11.84,9.42,9.63,11.12,14.18,10.33,7.91,12.73,9.05,12.36,7.9,16.05,11.57,6.99,7.98,10.21,8.12,7.25,8.64,25.2,19.5,25.51,17.45,9.24,6.37,9.19,10.97,10.97,10.97,6.74,7.87,9.48,30.07,8.35,6.27,11.39,8.65,14.72,5.15,5.46,12.4,11.48,2.13,14.62,18.23,5.98,16.29,8.62,2.75,2.84,1.94,11.95,17.55,9.82,17.71,10.76,29.97,5.41,18.43,10.49,21.2,41.94,18.82,51.93
36,32.05,13.08,10.27,10.08,9.28,10.29,7.79,8.07,7.26,9.11,7.93,10.71,6.23,6.68,5.82,6.37,11.24,4.99,5.28,12.22,4.3,7.93,7.55,2.7,4.11,4.77,2.32,1.76,8.16,5.38,6.82,5.14,5.09,9.29,6.21,0.0,6.4,14.53,18.57,7.55,36.61,15.13,15.05,12.95,11.82,11.55,11.59,10.3,10.29,11.35,12.08,16.65,10.03,11.57,9.92,12.35,13.18,11.18,13.42,11.23,12.13,8.04,9.27,8.32,7.88,7.79,7.91,9.59,7.65,7.61,8.39,6.89,7.96,12.6,10.72,7.32,7.0,6.19,6.38,5.99,6.15,5.59,19.18,13.64,19.48,11.68,5.09,4.84,4.77,5.75,5.75,5.75,4.19,4.03,4.32,23.92,3.57,3.27,5.7,3.32,8.69,2.91,2.52,6.39,5.53,7.38,8.51,12.07,1.59,10.12,2.6,3.78,3.5,4.33,5.74,11.34,3.67,11.51,4.63,23.78,10.73,12.39,5.19,15.15,35.88,13.98,46.01
37,27.79,11.81,12.22,12.56,11.75,10.2,12.03,9.43,9.97,8.32,8.38,8.1,9.8,7.58,10.32,11.55,17.51,8.38,7.27,18.55,7.86,14.26,4.3,7.97,4.56,4.05,6.43,7.77,3.2,2.84,2.58,2.81,2.77,3.72,12.56,6.4,0.0,8.13,12.17,2.82,30.22,15.17,15.08,15.52,14.76,12.51,12.39,13.33,13.21,11.51,11.26,13.28,12.11,10.97,11.66,11.04,11.26,10.67,10.93,10.29,10.38,10.79,14.4,9.79,11.54,11.24,9.93,8.92,10.37,12.23,8.64,10.43,8.3,18.74,8.11,8.22,11.99,10.33,8.4,9.96,10.8,8.96,13.8,9.03,14.07,7.65,7.54,9.83,7.11,5.86,5.86,5.86,8.88,7.7,5.87,18.02,6.52,8.31,4.62,5.7,4.35,8.71,8.24,3.44,3.63,13.77,3.77,6.4,7.24,4.61,4.6,10.16,9.9,10.71,1.52,5.24,2.74,5.2,1.8,17.42,16.53,6.08,3.76,8.81,29.49,9.55,39.7
38,23.51,14.49,17.8,18.46,17.78,14.62,19.11,15.23,16.49,12.83,13.88,10.77,16.82,13.71,17.7,19.14,25.53,15.58,14.13,26.62,15.23,22.34,9.22,15.86,11.92,11.16,14.27,15.83,7.41,9.91,8.51,10.06,10.06,6.17,20.69,14.53,8.13,0.0,4.05,8.09,22.08,18.45,18.36,21.07,20.69,17.22,16.99,19.5,19.33,15.76,14.61,12.58,17.8,14.65,17.19,13.93,13.34,14.52,12.4,13.85,13.01,17.18,21.8,15.57,18.36,17.97,16.04,13.28,16.82,19.5,13.89,17.33,13.76,26.66,10.79,14.11,19.46,17.55,14.91,17.15,18.21,16.03,8.81,7.88,8.91,8.55,14.53,17.47,14.18,12.29,12.29,12.29,16.51,15.15,13.05,11.11,14.01,16.11,11.09,13.27,7.91,16.68,16.21,9.54,10.35,21.89,7.5,4.85,15.27,5.84,12.52,18.29,18.03,18.85,8.99,3.95,10.87,3.24,9.92,9.33,24.41,2.79,10.86,1.86,21.42,9.07,31.79
39,22.58,17.42,21.38,22.11,21.47,18.03,23.01,18.93,20.32,16.36,17.57,14.02,20.74,17.52,21.67,23.13,29.58,19.53,18.04,30.67,19.22,26.39,13.06,19.91,15.93,15.16,18.31,19.88,11.33,13.93,12.5,14.08,14.09,10.07,24.71,18.57,12.17,4.05,0.0,11.88,18.05,21.35,21.27,24.58,24.31,20.6,20.34,23.19,23.01,19.07,17.72,14.42,21.41,17.86,20.78,16.96,16.16,17.79,15.11,17.07,16.03,20.96,25.75,19.26,22.21,21.82,19.79,16.74,20.62,23.44,17.53,21.21,17.44,30.7,14.04,17.86,23.43,21.49,18.76,21.09,22.17,19.96,8.79,10.36,8.74,11.62,18.46,21.48,18.13,16.19,16.19,16.19,20.52,19.14,17.03,8.86,18.01,20.14,15.02,17.29,11.69,20.73,20.26,13.49,14.34,25.93,11.35,8.19,19.32,9.6,16.56,22.33,22.07,22.88,13.03,7.78,14.91,7.24,13.95,5.48,28.3,6.43,14.71,3.81,17.38,10.98,27.81
40,29.68,14.6,14.9,15.18,14.35,13.01,14.28,12.12,12.48,11.14,11.13,10.81,12.13,10.27,12.44,13.48,18.77,10.68,9.78,19.68,10.08,15.42,7.09,9.72,7.02,6.66,8.34,9.21,5.74,5.57,5.37,5.49,5.43,5.81,13.25,7.55,2.82,8.09,11.88,0.0,29.76,17.99,17.9,18.16,17.34,15.29,15.18,15.87,15.77,14.32,14.07,15.7,14.77,13.79,14.36,13.83,13.99,13.48,13.6,13.1,13.15,13.32,16.39,12.48,13.92,13.65,12.55,11.73,12.89,14.37,11.42,12.79,11.07,20.15,10.83,10.93,14.0,12.55,10.97,12.21,12.89,11.3,15.26,11.15,15.48,10.08,9.98,11.77,9.53,8.55,8.55,8.55,10.88,9.88,8.32,18.87,8.74,10.16,7.36,7.93,6.95,10.29,9.83,6.26,6.37,14.78,6.31,8.03,8.79,6.6,6.58,11.22,10.89,11.59,4.28,6.47,4.26,5.98,3.44,17.33,16.44,5.45,2.85,8.15,28.8,6.93,38.68
41,25.49,32.91,38.1,38.96,38.45,34.5,40.5,36.02,37.65,33.18,34.67,30.5,38.28,34.89,39.36,40.89,47.54,37.21,35.66,48.67,36.98,44.4,30.63,37.85,33.8,33.0,36.26,37.9,29.1,31.83,30.35,32.0,32.02,27.83,42.75,36.61,30.22,22.08,18.05,29.76,0.0,36.4,36.34,40.96,40.99,36.85,36.56,40.12,39.92,35.26,33.6,28.12,38.19,33.92,37.53,32.72,31.59,33.98,30.44,33.24,31.87,38.17,43.35,36.3,39.58,39.16,36.95,33.42,37.89,41.01,34.52,38.68,34.53,48.59,30.51,35.09,41.12,39.11,36.19,38.7,39.86,37.57,21.18,26.19,20.87,28.08,36.1,39.29,35.81,33.78,33.78,33.78,38.35,36.93,34.8,15.91,35.85,38.05,32.72,35.17,29.21,38.7,38.24,31.26,32.15,43.97,29.01,25.46,37.32,27.21,34.55,40.37,40.11,40.93,31.02,25.56,32.95,25.18,32.0,12.99,46.17,24.37,32.61,21.62,2.64,26.74,11.59
42,21.33,3.96,5.65,6.45,6.84,5.09,10.13,7.07,8.36,6.87,7.35,7.81,9.76,8.55,11.06,12.21,18.4,10.42,9.86,19.77,11.02,17.17,10.96,13.12,11.89,11.81,12.82,14.3,12.67,12.56,12.65,12.71,12.78,13.35,18.41,15.13,15.17,18.45,21.35,17.99,36.4,0.0,0.09,6.02,6.9,3.75,3.63,7.29,7.1,3.85,4.01,8.34,5.94,4.21,5.66,4.54,5.19,4.51,6.26,4.94,5.45,7.88,12.35,6.86,9.12,8.84,7.43,6.27,8.1,10.93,6.93,9.37,7.35,18.27,7.79,7.87,11.76,10.43,8.78,10.3,11.2,9.99,15.22,11.0,15.53,9.9,10.05,12.07,10.37,9.97,9.97,9.97,11.9,11.28,11.02,20.59,11.57,12.66,10.86,11.97,11.55,13.77,13.7,11.74,11.78,17.65,12.21,13.6,13.92,13.14,13.28,16.05,16.22,16.93,13.76,14.85,14.97,15.87,15.19,24.24,23.81,18.63,17.9,20.2,36.76,24.42,47.61
43,21.34,3.88,5.59,6.39,6.78,5.0,10.07,6.99,8.28,6.78,7.26,7.72,9.69,8.47,10.99,12.15,18.36,10.34,9.77,19.73,10.94,17.12,10.87,13.04,11.8,11.72,12.73,14.22,12.58,12.46,12.56,12.61,12.69,13.25,18.35,15.05,15.08,18.36,21.27,17.9,36.34,0.09,0.0,6.01,6.87,3.68,3.56,7.25,7.06,3.76,3.92,8.29,5.88,4.12,5.6,4.45,5.11,4.41,6.19,4.85,5.36,7.81,12.3,6.78,9.06,8.78,7.35,6.17,8.03,10.88,6.84,9.3,7.26,18.24,7.7,7.78,11.7,10.36,8.7,10.24,11.14,9.91,15.17,10.93,15.48,9.82,9.97,12.0,10.29,9.88,9.88,9.88,11.83,11.2,10.94,20.54,11.49,12.58,10.77,11.88,11.46,13.69,13.62,11.65,11.69,17.59,12.11,13.52,13.84,13.05,13.19,15.98,16.15,16.85,13.66,14.77,14.88,15.78,15.1,24.17,23.75,18.54,17.81,20.11,36.7,24.32,47.55
44,27.34,8.24,3.34,3.0,3.84,6.57,5.73,6.12,5.83,8.24,7.34,10.63,6.72,7.94,7.43,7.93,12.91,8.02,8.45,14.24,8.73,12.34,12.12,10.36,11.18,11.51,10.81,11.56,14.05,12.68,13.44,12.71,12.76,15.11,14.28,12.95,15.52,21.07,24.58,18.16,40.96,6.02,6.01,0.0,1.3,4.11,4.4,2.68,2.66,5.7,7.4,13.62,3.42,7.04,3.93,8.29,9.51,6.99,10.63,7.73,9.1,4.99,6.99,5.75,5.18,5.18,5.61,7.83,5.41,6.38,7.23,6.06,7.44,12.54,10.61,7.33,7.29,6.9,7.22,7.01,7.31,7.39,19.99,14.82,20.32,13.08,8.35,8.57,8.79,9.66,9.66,9.66,8.87,8.99,9.92,25.5,9.85,9.79,10.92,10.56,13.25,10.65,10.79,12.33,11.91,13.03,13.77,16.39,11.42,15.26,12.04,12.45,12.74,13.22,14.01,17.15,14.26,18.02,14.83,28.31,19.46,20.46,17.13,22.59,41.05,25.06,51.85
45,28.16,8.59,2.93,2.25,3.03,6.49,4.45,5.52,4.88,7.96,6.83,10.52,5.61,7.25,6.2,6.63,11.72,6.97,7.57,13.07,7.67,11.05,11.6,9.19,10.32,10.72,9.75,10.38,13.52,11.94,12.81,11.95,12.0,14.64,12.98,11.82,14.76,20.69,24.31,17.34,40.99,6.9,6.87,1.3,0.0,4.31,4.62,1.53,1.58,5.84,7.63,14.04,2.9,7.2,3.53,8.52,9.79,7.07,10.87,7.81,9.25,4.03,5.75,5.16,3.98,4.03,4.85,7.63,4.46,5.08,6.8,4.93,6.94,11.43,10.51,6.71,6.0,5.7,6.38,5.85,6.06,6.33,20.17,14.81,20.5,12.97,7.41,7.33,7.86,8.94,8.94,8.94,7.69,7.93,9.04,25.69,8.85,8.62,10.22,9.6,12.8,9.44,9.6,11.69,11.19,11.73,13.29,16.12,10.28,14.86,11.07,11.18,11.47,11.94,13.26,16.75,13.34,17.58,13.97,28.24,18.16,19.92,16.16,22.15,40.99,24.26,51.76
46,24.22,4.28,2.03,2.97,3.17,2.61,6.52,3.51,4.6,4.47,4.17,6.59,6.01,5.22,7.31,8.52,15.0,6.72,6.34,16.38,7.35,13.53,8.64,9.41,8.68,8.76,9.24,10.61,10.53,9.72,10.17,9.82,9.89,11.46,14.67,11.55,12.51,17.22,20.6,15.29,36.85,3.75,3.68,4.11,4.31,0.0,0.3,4.06,3.84,1.59,3.32,9.74,2.31,2.94,1.92,4.22,5.48,2.88,6.57,3.63,5.0,4.13,8.99,3.23,5.46,5.14,3.71,3.97,4.34,7.33,3.87,5.62,4.23,15.05,6.57,4.51,8.11,6.68,5.17,6.55,7.47,6.26,15.91,10.71,16.24,9.03,6.47,8.32,6.83,6.84,6.84,6.84,8.16,7.61,7.64,21.42,8.03,8.93,7.94,8.52,9.58,10.03,9.98,9.11,8.92,13.96,10.17,12.46,10.27,11.49,9.92,12.3,12.47,13.17,11.02,13.36,11.84,14.29,12.2,24.22,20.07,16.86,14.79,18.82,36.95,22.02,47.76
47,23.95,3.98,2.28,3.24,3.39,2.38,6.74,3.52,4.73,4.28,4.09,6.33,6.14,5.18,7.47,8.71,15.24,6.8,6.35,16.62,7.41,13.73,8.47,9.49,8.62,8.68,9.27,10.68,10.35,9.61,10.02,9.72,9.79,11.26,14.82,11.59,12.39,16.99,20.34,15.18,36.56,3.63,3.56,4.4,4.62,0.3,0.0,4.34,4.12,1.3,3.02,9.44,2.55,2.64,2.11,3.92,5.18,2.6,6.27,3.34,4.7,4.3,9.25,3.27,5.67,5.34,3.8,3.75,4.48,7.55,3.76,5.78,4.13,15.31,6.31,4.47,8.32,6.84,5.2,6.7,7.65,6.35,15.61,10.43,15.94,8.77,6.5,8.46,6.84,6.76,6.76,6.76,8.27,7.67,7.62,21.12,8.05,9.03,7.84,8.52,9.39,10.14,10.07,8.98,8.82,14.15,9.98,12.21,10.33,11.28,9.9,12.42,12.59,13.3,10.9,13.13,11.78,14.07,12.12,23.94,20.22,16.66,14.73,18.6,36.66,21.88,47.47
48,28.26,8.25,2.16,1.2,1.72,5.74,3.15,4.27,3.39,6.95,5.63,9.63,4.08,5.9,4.75,5.37,11.11,5.44,6.09,12.48,6.14,10.06,10.33,7.69,8.85,9.28,8.22,8.89,12.24,10.52,11.46,10.52,10.57,13.39,11.75,10.3,13.33,19.5,23.19,15.87,40.12,7.29,7.25,2.68,1.53,4.06,4.34,0.0,0.22,5.38,7.18,13.7,1.99,6.68,2.65,8.04,9.35,6.48,10.36,7.17,8.67,2.55,5.05,3.94,2.51,2.52,3.5,6.71,2.98,3.88,5.68,3.41,5.75,11.04,9.62,5.41,4.78,4.22,4.93,4.34,4.66,4.8,19.5,13.98,19.84,12.05,5.92,5.89,6.36,7.54,7.54,7.54,6.2,6.4,7.55,25.01,7.33,7.12,8.83,8.08,11.59,7.98,8.11,10.33,9.79,10.65,12.04,15.02,8.76,13.67,9.55,9.81,10.08,10.6,11.84,15.55,11.84,16.35,12.48,27.29,17.02,18.61,14.64,20.9,40.05,22.8,50.78
49,28.05,8.03,1.94,0.98,1.55,5.52,3.26,4.1,3.3,6.76,5.45,9.42,4.07,5.76,4.8,5.47,11.3,5.4,6.0,12.67,6.1,10.21,10.17,7.7,8.75,9.17,8.18,8.9,12.08,10.4,11.32,10.4,10.45,13.23,11.86,10.29,13.21,19.33,23.01,15.77,39.92,7.1,7.06,2.66,1.58,3.84,4.12,0.22,0.0,5.16,6.96,13.48,1.77,6.46,2.44,7.82,9.12,6.26,10.14,6.95,8.45,2.45,5.25,3.76,2.55,2.52,3.35,6.5,2.88,4.0,5.49,3.4,5.58,11.25,9.42,5.25,4.9,4.26,4.82,4.35,4.73,4.76,19.29,13.77,19.62,11.85,5.83,5.94,6.28,7.41,7.41,7.41,6.21,6.36,7.46,24.8,7.27,7.13,8.7,8.01,11.42,8.01,8.13,10.19,9.66,10.79,11.88,14.84,8.76,13.5,9.49,9.88,10.15,10.68,11.72,15.38,11.76,16.18,12.39,27.09,17.15,18.46,14.58,20.74,39.85,22.7,50.58
50,23.12,2.88,3.22,4.21,4.14,1.31,7.41,3.39,5.0,3.23,3.5,5.05,6.42,4.71,7.84,9.22,15.99,6.81,6.07,17.38,7.35,14.25,7.44,9.48,8.04,7.99,9.04,10.62,9.28,8.81,9.06,8.94,9.01,10.13,15.09,11.35,11.51,15.76,19.07,14.32,35.26,3.85,3.76,5.7,5.84,1.59,1.3,5.38,5.16,0.0,1.8,8.32,3.44,1.36,2.85,2.69,3.98,1.3,5.03,2.04,3.42,4.78,10.09,3.25,6.3,5.92,3.97,2.65,4.86,8.21,3.08,6.19,3.5,16.18,5.03,4.04,8.91,7.23,5.07,7.01,8.09,6.47,14.34,9.12,14.67,7.47,6.31,8.73,6.59,6.12,6.12,6.12,8.4,7.59,7.18,19.85,7.78,9.06,7.07,8.14,8.26,10.21,10.08,8.07,8.02,14.59,8.88,10.96,10.21,10.09,9.43,12.57,12.7,13.46,10.05,11.93,11.14,12.89,11.4,22.63,20.49,15.52,14.08,17.39,35.36,20.92,46.17
51,21.48,1.17,5.02,6.0,5.87,1.96,9.06,4.61,6.45,3.11,4.19,3.85,7.82,5.44,9.27,10.73,17.64,7.95,6.92,19.02,8.4,15.74,7.0,10.52,8.4,8.18,9.84,11.59,8.67,8.76,8.71,8.93,9.0,9.34,16.35,12.08,11.26,14.61,17.72,14.07,33.6,4.01,3.92,7.4,7.63,3.32,3.02,7.18,6.96,1.8,0.0,6.52,5.22,0.59,4.61,0.9,2.17,0.95,3.25,0.97,1.74,6.37,11.81,4.6,7.94,7.54,5.39,2.55,6.37,9.84,3.72,7.69,4.14,17.89,3.83,4.87,10.48,8.68,6.14,8.42,9.57,7.72,12.59,7.57,12.93,6.12,7.25,10.06,7.45,6.49,6.49,6.49,9.61,8.61,7.78,18.11,8.58,10.17,7.17,8.78,7.54,11.32,11.14,7.85,8.01,16.01,8.19,9.76,11.11,9.15,9.91,13.74,13.83,14.63,9.89,10.91,11.33,11.91,11.43,21.07,21.72,14.65,14.19,16.31,33.76,20.41,44.58
52,15.5,5.46,11.54,12.52,12.37,8.21,15.44,10.72,12.64,8.1,9.8,5.95,13.9,10.8,15.34,16.9,23.96,13.64,12.25,25.33,13.9,21.79,9.48,15.85,12.55,11.97,14.74,16.7,10.08,11.84,10.94,12.08,12.16,9.9,21.9,16.65,13.28,12.58,14.42,15.7,28.12,8.34,8.29,13.62,14.04,9.74,9.44,13.7,13.48,8.32,6.52,0.0,11.74,7.05,11.12,5.68,4.38,7.3,3.54,6.71,5.23,12.73,18.27,10.81,14.33,13.91,11.62,7.89,12.66,16.2,9.39,13.91,9.69,24.33,5.94,10.49,16.75,14.8,11.9,14.49,15.71,13.59,7.01,4.89,7.3,5.63,12.69,15.94,12.71,11.02,11.02,11.02,15.3,14.05,12.53,12.26,13.6,15.64,10.98,13.47,8.94,16.75,16.46,10.71,11.36,21.92,9.51,8.41,16.13,9.19,14.11,19.17,19.17,20.04,12.42,10.13,14.6,11.12,14.27,16.34,27.11,13.85,16.94,14.43,28.6,20.59,39.43
53,26.48,6.32,0.29,0.79,0.9,3.75,4.22,2.7,2.77,5.08,3.95,7.69,4.02,4.53,5.18,6.27,12.69,5.04,5.16,14.08,5.73,11.25,8.74,7.64,7.82,8.12,7.77,8.86,10.67,9.26,10.03,9.31,9.36,11.76,12.53,10.03,12.11,17.8,21.41,14.77,38.19,5.94,5.88,3.42,2.9,2.31,2.55,1.99,1.77,3.44,5.22,11.74,0.0,4.7,0.67,6.07,7.38,4.5,8.38,5.18,6.68,2.07,6.71,2.34,3.18,2.91,2.26,4.78,2.4,5.03,3.91,3.52,4.07,12.79,7.68,3.92,5.83,4.56,3.91,4.5,5.28,4.47,17.52,12.02,17.85,10.13,5.13,6.26,5.55,6.24,6.24,6.24,6.26,6.0,6.61,23.03,6.68,7.11,7.5,7.33,9.92,8.14,8.16,8.91,8.49,11.71,10.42,13.22,8.6,11.97,8.8,10.28,10.49,11.13,10.59,13.86,10.95,14.7,11.48,25.39,17.91,17.08,13.86,19.27,38.15,21.65,48.9
54,22.07,1.76,4.51,5.49,5.32,1.37,8.48,4.03,5.86,2.71,3.65,3.88,7.23,4.9,8.68,10.15,17.06,7.38,6.38,18.44,7.84,15.16,6.75,9.96,7.95,7.76,9.31,11.04,8.49,8.41,8.44,8.57,8.64,9.23,15.77,11.57,10.97,14.65,17.86,13.79,33.92,4.21,4.12,7.04,7.2,2.94,2.64,6.68,6.46,1.36,0.59,7.05,4.7,0.0,4.07,1.37,2.67,0.39,3.69,0.8,2.06,5.79,11.25,4.01,7.36,6.96,4.8,2.12,5.79,9.27,3.18,7.1,3.61,17.33,3.86,4.32,9.9,8.09,5.57,7.83,8.98,7.13,12.98,7.81,13.31,6.24,6.69,9.47,6.9,6.02,6.02,6.02,9.03,8.05,7.28,18.5,8.04,9.6,6.77,8.27,7.39,10.75,10.58,7.54,7.64,15.42,8.04,9.82,10.57,9.1,9.44,13.17,13.26,14.06,9.57,10.89,10.92,11.88,11.07,21.32,21.15,14.58,13.81,16.32,34.04,20.22,44.86
55,25.95,5.72,0.61,1.45,1.31,3.08,4.64,2.24,2.76,4.43,3.4,7.03,4.12,4.1,5.39,6.6,13.19,4.97,4.88,14.57,5.64,11.62,8.18,7.63,7.47,7.71,7.63,8.85,10.12,8.82,9.52,8.88,8.93,11.19,12.75,9.92,11.66,17.19,20.78,14.36,37.53,5.66,5.6,3.93,3.53,1.92,2.11,2.65,2.44,2.85,4.61,11.12,0.67,4.07,0.0,5.44,6.75,3.85,7.73,4.53,6.03,2.21,7.25,1.88,3.56,3.23,2.02,4.12,2.45,5.45,3.31,3.7,3.5,13.34,7.02,3.44,6.21,4.77,3.64,4.65,5.55,4.46,16.85,11.36,17.19,9.47,4.92,6.42,5.32,5.81,5.81,5.81,6.32,5.91,6.3,22.36,6.49,7.13,7.04,7.08,9.33,8.2,8.18,8.41,8.04,12.04,9.85,12.59,8.55,11.37,8.54,10.42,10.61,11.28,10.15,13.26,10.63,14.11,11.11,24.73,18.15,16.52,13.56,18.68,37.49,21.22,48.25
56,20.79,0.78,5.88,6.86,6.69,2.59,9.81,5.23,7.11,3.25,4.61,3.28,8.45,5.81,9.9,11.41,18.38,8.46,7.31,19.75,8.86,16.39,6.74,10.95,8.53,8.22,10.16,11.98,8.3,8.67,8.47,8.86,8.94,8.86,16.86,12.35,11.04,13.93,16.96,13.83,32.72,4.54,4.45,8.29,8.52,4.22,3.92,8.04,7.82,2.69,0.9,5.68,6.07,1.37,5.44,0.0,1.3,1.63,2.35,1.17,0.93,7.1,12.6,5.26,8.69,8.28,6.06,2.77,7.08,10.59,4.14,8.37,4.53,18.68,3.26,5.31,11.19,9.33,6.65,9.05,10.23,8.28,11.7,6.73,12.03,5.4,7.68,10.64,7.83,6.65,6.65,6.65,10.13,9.06,8.03,17.21,8.91,10.63,7.18,9.03,7.13,11.79,11.57,7.7,7.96,16.62,7.79,9.08,11.47,8.61,10.07,14.22,14.28,15.11,9.73,10.31,11.32,11.33,11.35,20.21,22.21,14.1,14.14,15.66,32.89,20.03,43.72
57,19.59,1.32,7.18,8.16,7.99,3.85,11.08,6.43,8.34,4.12,5.67,3.18,9.64,6.81,11.1,12.62,19.64,9.56,8.31,21.01,9.91,17.58,6.98,11.96,9.23,8.83,11.06,12.94,8.32,9.11,8.69,9.32,9.39,8.71,17.94,13.18,11.26,13.34,16.16,13.99,31.59,5.19,5.11,9.51,9.79,5.48,5.18,9.35,9.12,3.98,2.17,4.38,7.38,2.67,6.75,1.3,0.0,2.92,1.14,2.36,1.05,8.37,13.89,6.49,9.96,9.55,7.3,3.76,8.32,11.85,5.22,9.6,5.58,19.96,3.16,6.38,12.43,10.54,7.76,10.24,11.44,9.42,10.5,5.82,10.82,4.82,8.7,11.79,8.81,7.43,7.43,7.43,11.23,10.09,8.88,16.0,9.83,11.68,7.78,9.88,7.11,12.82,12.58,8.06,8.45,17.78,7.77,8.52,12.41,8.33,10.8,15.26,15.3,16.15,10.05,9.9,11.84,10.94,11.77,19.19,23.25,13.75,14.55,15.12,31.81,19.93,42.66
58,22.39,2.1,4.32,5.29,5.07,1.01,8.18,3.67,5.52,2.38,3.27,3.78,6.88,4.52,8.33,9.81,16.76,7.0,5.99,18.13,7.45,14.81,6.48,9.57,7.58,7.41,8.92,10.65,8.24,8.07,8.15,8.23,8.3,9.02,15.39,11.18,10.67,14.52,17.79,13.48,33.98,4.51,4.41,6.99,7.07,2.88,2.6,6.48,6.26,1.3,0.95,7.3,4.5,0.39,3.85,1.63,2.92,0.0,3.88,0.75,2.2,5.48,10.98,3.66,7.06,6.66,4.46,1.78,5.46,8.96,2.8,6.77,3.22,17.05,3.76,3.93,9.58,7.75,5.19,7.48,8.64,6.77,13.1,7.83,13.43,6.19,6.31,9.11,6.52,5.65,5.65,5.65,8.65,7.67,6.9,18.62,7.66,9.22,6.42,7.89,7.17,10.37,10.19,7.23,7.3,15.07,7.8,9.71,10.18,8.92,9.06,12.79,12.88,13.68,9.25,10.74,10.57,11.71,10.73,21.34,20.77,14.38,13.47,16.18,34.07,19.95,44.88
59,18.97,2.47,8.2,9.17,8.94,4.73,11.93,7.18,9.11,4.6,6.27,2.9,10.36,7.31,11.8,13.36,20.43,10.13,8.79,21.8,10.42,18.26,6.76,12.41,9.38,8.89,11.4,13.33,7.87,9.0,8.41,9.23,9.31,8.1,18.45,13.42,10.93,12.4,15.11,13.6,30.44,6.26,6.19,10.63,10.87,6.57,6.27,10.36,10.14,5.03,3.25,3.54,8.38,3.69,7.73,2.35,1.14,3.88,0.0,3.23,1.72,9.22,14.78,7.29,10.82,10.4,8.1,4.36,9.14,12.68,5.85,10.38,6.17,20.82,2.88,6.97,13.22,11.27,8.38,10.95,12.17,10.06,9.36,4.75,9.69,3.98,9.21,12.42,9.26,7.69,7.69,7.69,11.8,10.58,9.19,14.87,10.21,12.17,7.85,10.16,6.65,13.3,13.03,7.91,8.41,18.4,7.31,7.63,12.77,7.63,10.95,15.73,15.75,16.61,9.83,9.1,11.78,10.14,11.61,18.05,23.7,12.97,14.37,14.2,30.67,19.3,41.51
60,21.93,1.85,5.02,5.98,5.71,1.51,8.73,4.08,5.98,2.18,3.44,3.08,7.3,4.64,8.75,10.27,17.28,7.29,6.15,18.65,7.69,15.24,6.04,9.78,7.48,7.23,9.02,10.82,7.73,7.79,7.74,7.96,8.04,8.44,15.69,11.23,10.29,13.85,17.07,13.1,33.24,4.94,4.85,7.73,7.81,3.63,3.34,7.17,6.95,2.04,0.97,6.71,5.18,0.8,4.53,1.17,2.36,0.75,3.23,0.0,1.51,6.02,11.57,4.13,7.62,7.2,4.94,1.64,5.97,9.5,2.97,7.24,3.36,17.62,3.06,4.13,10.08,8.19,5.48,7.9,9.09,7.11,12.37,7.08,12.7,5.46,6.51,9.47,6.67,5.58,5.58,5.58,8.95,7.88,6.92,17.89,7.76,9.46,6.21,7.92,6.62,10.61,10.4,6.88,7.04,15.46,7.27,9.02,10.32,8.3,9.01,13.04,13.11,13.94,8.92,10.09,10.37,11.08,10.46,20.59,21.04,13.78,13.23,15.52,33.32,19.47,44.13
61,20.57,1.53,6.52,7.48,7.22,3.01,10.21,5.49,7.41,3.07,4.65,2.43,8.68,5.77,10.13,11.68,18.73,8.54,7.27,20.1,8.87,16.61,6.09,10.92,8.19,7.81,10.01,11.89,7.54,8.14,7.81,8.34,8.42,8.04,16.91,12.13,10.38,13.01,16.03,13.15,31.87,5.45,5.36,9.1,9.25,5.0,4.7,8.67,8.45,3.42,1.74,5.23,6.68,2.06,6.03,0.93,1.05,2.2,1.72,1.51,0.0,7.5,13.06,5.58,9.1,8.68,6.39,2.73,7.43,10.97,4.22,8.68,4.56,19.11,2.41,5.36,11.52,9.59,6.76,9.28,10.49,8.43,10.92,5.83,11.25,4.47,7.67,10.79,7.77,6.38,6.38,6.38,10.21,9.05,7.83,16.44,8.78,10.64,6.76,8.82,6.35,11.78,11.54,7.11,7.46,16.78,7.01,8.16,11.36,7.74,9.76,14.22,14.26,15.11,9.12,9.42,10.85,10.44,10.81,19.32,22.21,13.22,13.59,14.75,32.02,19.23,42.84
62,27.85,7.53,2.34,2.04,1.24,4.52,2.71,2.19,0.85,5.12,3.51,7.88,1.95,3.47,3.18,4.45,11.28,3.06,3.54,12.65,3.76,9.48,7.96,5.59,6.3,6.74,5.84,6.81,9.83,7.99,8.98,7.98,8.02,11.02,10.54,8.04,10.79,17.18,20.96,13.32,38.17,7.88,7.81,4.99,4.03,4.13,4.3,2.55,2.45,4.78,6.37,12.73,2.07,5.79,2.21,7.1,8.37,5.48,9.22,6.02,7.5,0.0,5.58,1.98,1.6,1.18,1.23,5.05,0.43,3.48,3.72,1.49,3.64,11.6,7.88,3.11,4.13,2.55,2.39,2.45,3.36,2.46,17.93,12.21,18.26,10.17,3.38,4.22,3.83,5.04,5.04,5.04,4.19,4.03,5.01,23.38,4.85,5.05,6.33,5.57,9.28,6.07,6.1,7.85,7.27,9.86,9.68,12.85,6.58,11.37,7.05,8.23,8.43,9.09,9.3,13.24,9.31,13.98,9.93,25.25,15.94,16.16,12.15,18.52,37.99,20.25,48.66
63,33.19,12.96,6.97,6.02,5.95,10.06,2.93,7.73,5.86,10.64,8.95,13.39,5.06,8.5,4.11,2.93,6.05,6.22,7.72,7.43,6.6,5.48,12.74,6.72,9.97,10.68,8.06,7.51,14.42,11.97,13.3,11.87,11.88,15.68,7.94,9.27,14.4,21.8,25.75,16.39,43.35,12.35,12.3,6.99,5.75,8.99,9.25,5.05,5.25,10.09,11.81,18.27,6.71,11.25,7.25,12.6,13.89,10.98,14.78,11.57,13.06,5.58,0.0,7.55,3.99,4.42,6.77,10.62,5.73,2.33,9.23,4.7,9.08,6.09,13.39,8.4,2.41,4.26,7.18,4.66,3.62,5.8,23.44,17.67,23.78,15.58,7.29,4.62,7.63,9.59,9.59,9.59,5.53,6.73,8.76,28.86,7.91,6.24,10.73,8.71,14.15,6.36,6.75,12.26,11.46,6.3,14.41,17.89,7.76,16.2,9.86,6.97,7.35,7.47,13.1,17.97,12.14,18.56,13.02,30.36,12.73,20.33,14.4,22.91,43.01,23.14,53.56
64,26.04,5.76,2.43,2.91,2.21,2.66,4.66,0.37,1.86,3.16,1.69,5.92,3.23,2.22,4.67,6.15,13.16,3.58,3.12,14.52,4.16,11.15,6.44,6.27,5.61,5.83,6.01,7.44,8.36,6.95,7.69,7.0,7.05,9.48,11.84,8.32,9.79,15.57,19.26,12.48,36.3,6.86,6.78,5.75,5.16,3.23,3.27,3.94,3.76,3.25,4.6,10.81,2.34,4.01,1.88,5.26,6.49,3.66,7.29,4.13,5.58,1.98,7.55,0.0,3.56,3.13,0.81,3.07,1.85,5.4,1.79,3.12,1.82,13.55,5.91,1.58,5.95,4.08,1.94,3.82,4.98,3.22,15.96,10.26,16.29,8.25,3.24,5.5,3.6,3.93,3.93,3.93,5.15,4.42,4.48,21.42,4.8,5.83,5.17,5.31,7.67,6.97,6.86,6.57,6.17,11.42,8.14,11.1,7.07,9.74,6.74,9.32,9.46,10.21,8.28,11.62,8.77,12.43,9.24,23.42,17.24,14.76,11.71,17.0,36.17,19.34,46.88
65,29.41,9.1,3.47,2.75,2.29,6.12,1.12,3.74,1.94,6.66,5.0,9.42,1.79,4.72,2.25,3.1,9.71,3.25,4.33,11.08,3.89,8.07,9.16,5.22,6.98,7.55,5.91,6.4,10.96,8.85,9.99,8.8,8.83,12.19,9.42,7.88,11.54,18.36,22.21,13.92,39.58,9.12,9.06,5.18,3.98,5.46,5.67,2.51,2.55,6.3,7.94,14.33,3.18,7.36,3.56,8.69,9.96,7.06,10.82,7.62,9.1,1.6,3.99,3.56,0.0,0.43,2.78,6.63,1.75,1.91,5.25,1.12,5.13,10.0,9.42,4.5,2.66,1.73,3.45,1.89,2.2,2.62,19.47,13.73,19.81,11.67,4.01,3.39,4.44,6.08,6.08,6.08,3.72,4.13,5.67,24.91,5.19,4.65,7.33,6.0,10.53,5.47,5.62,8.89,8.2,8.53,10.87,14.18,6.32,12.61,7.42,7.34,7.6,8.15,10.11,14.45,9.75,15.13,10.48,26.63,14.77,17.17,12.44,19.62,39.35,20.84,49.98
66,29.02,8.7,3.2,2.57,2.0,5.7,1.53,3.31,1.52,6.23,4.57,8.99,1.6,4.31,2.34,3.38,10.1,3.02,3.99,11.48,3.7,8.39,8.76,5.18,6.68,7.23,5.75,6.38,10.58,8.52,9.63,8.48,8.51,11.81,9.63,7.79,11.24,17.97,21.82,13.65,39.16,8.84,8.78,5.18,4.03,5.14,5.34,2.52,2.52,5.92,7.54,13.91,2.91,6.96,3.23,8.28,9.55,6.66,10.4,7.2,8.68,1.18,4.42,3.13,0.43,0.0,2.35,6.2,1.31,2.3,4.82,0.91,4.7,10.42,8.98,4.07,2.99,1.76,3.06,1.83,2.39,2.38,19.04,13.29,19.38,11.23,3.7,3.47,4.14,5.71,5.71,5.71,3.69,3.94,5.37,24.48,4.96,4.61,6.97,5.75,10.13,5.5,5.61,8.52,7.86,8.82,10.48,13.77,6.25,12.22,7.19,7.47,7.71,8.3,9.79,14.06,9.52,14.75,10.23,26.22,15.0,16.81,12.25,19.25,38.93,20.58,49.57
67,26.85,6.56,2.44,2.63,1.83,3.47,3.86,0.96,1.06,3.89,2.28,6.65,2.46,2.41,3.89,5.35,12.34,3.01,2.9,13.71,3.65,10.36,6.84,5.7,5.57,5.9,5.62,6.9,8.75,7.09,7.97,7.12,7.17,9.91,11.12,7.91,9.93,16.04,19.79,12.55,36.95,7.43,7.35,5.61,4.85,3.71,3.8,3.5,3.35,3.97,5.39,11.62,2.26,4.8,2.02,6.06,7.3,4.46,8.1,4.94,6.39,1.23,6.77,0.81,2.78,2.35,0.0,3.86,1.05,4.59,2.49,2.31,2.42,12.74,6.65,1.94,5.14,3.29,1.65,3.05,4.18,2.56,16.7,10.98,17.04,8.94,2.9,4.76,3.31,4.08,4.08,4.08,4.49,3.92,4.35,22.15,4.47,5.23,5.37,5.08,8.13,6.34,6.28,6.84,6.34,10.65,8.56,11.66,6.57,10.22,6.55,8.65,8.81,9.54,8.42,12.1,8.69,12.87,9.23,24.04,16.53,15.11,11.6,17.42,36.78,19.45,47.46
68,23.3,3.49,4.7,5.54,5.07,1.38,7.71,2.9,4.82,0.6,1.92,2.92,6.01,3.06,7.45,9.02,16.12,5.81,4.57,17.48,6.15,13.9,4.79,8.21,5.85,5.64,7.39,9.22,6.63,6.3,6.43,6.45,6.53,7.51,14.18,9.59,8.92,13.28,16.74,11.73,33.42,6.27,6.17,7.83,7.63,3.97,3.75,6.71,6.5,2.65,2.55,7.89,4.78,2.12,4.12,2.77,3.76,1.78,4.36,1.64,2.73,5.05,10.62,3.07,6.63,6.2,3.86,0.0,4.9,8.43,1.5,6.07,1.83,16.59,2.91,2.63,8.91,6.93,4.03,6.6,7.83,5.71,12.9,7.27,13.24,5.35,4.95,8.07,5.07,3.94,3.94,3.94,7.48,6.33,5.27,18.38,6.14,7.92,4.65,6.28,5.63,9.07,8.84,5.48,5.53,14.06,6.24,8.56,8.71,7.53,7.37,11.5,11.55,12.39,7.49,9.4,8.8,10.32,8.95,20.61,19.5,12.91,11.69,14.86,33.37,18.28,44.13
69,27.85,7.54,2.66,2.45,1.63,4.48,2.81,2.0,0.42,4.92,3.26,7.68,1.67,3.11,3.0,4.37,11.31,2.66,3.12,12.68,3.36,9.4,7.6,5.24,5.87,6.32,5.44,6.46,9.46,7.57,8.59,7.57,7.61,10.66,10.33,7.65,10.37,16.82,20.62,12.89,37.89,8.1,8.03,5.41,4.46,4.34,4.48,2.98,2.88,4.86,6.37,12.66,2.4,5.79,2.45,7.08,8.32,5.46,9.14,5.97,7.43,0.43,5.73,1.85,1.75,1.31,1.05,4.9,0.0,3.54,3.51,1.33,3.39,11.7,7.67,2.8,4.12,2.38,1.98,2.21,3.23,2.08,17.73,11.99,18.07,9.93,2.95,3.98,3.4,4.64,4.64,4.64,3.88,3.63,4.58,23.17,4.43,4.71,5.93,5.15,8.93,5.76,5.76,7.46,6.87,9.74,9.32,12.54,6.21,11.03,6.63,7.97,8.15,8.84,8.88,12.88,8.88,13.62,9.51,24.96,15.74,15.77,11.72,18.14,37.68,19.82,48.34
70,31.32,11.01,5.31,4.49,4.16,8.0,0.81,5.53,3.62,8.4,6.68,11.13,2.73,6.17,1.93,1.57,7.8,3.94,5.39,9.17,4.38,6.24,10.42,4.92,7.74,8.42,6.06,5.93,12.11,9.72,11.01,9.63,9.65,13.37,7.91,7.61,12.23,19.5,23.44,14.37,41.01,10.93,10.88,6.38,5.08,7.33,7.55,3.88,4.0,8.21,9.84,16.2,5.03,9.27,5.45,10.59,11.85,8.96,12.68,9.5,10.97,3.48,2.33,5.4,1.91,2.3,4.59,8.43,3.54,0.0,6.99,2.4,6.81,8.16,11.13,6.11,0.91,1.95,4.85,2.35,1.49,3.47,21.17,15.38,21.5,13.28,4.98,2.77,5.33,7.26,7.26,7.26,3.53,4.54,6.5,26.56,5.72,4.38,8.42,6.54,11.82,4.83,5.12,9.96,9.17,6.79,12.09,15.55,6.03,13.88,7.79,6.18,6.5,6.89,10.89,15.65,10.12,16.26,10.95,28.03,13.15,18.09,12.56,20.65,40.69,21.2,51.24
71,24.79,4.8,3.92,4.59,3.97,1.9,6.3,1.53,3.38,1.41,0.47,4.17,4.52,1.72,5.95,7.53,14.64,4.33,3.2,15.99,4.72,12.4,4.9,6.81,4.96,4.94,6.13,7.87,6.83,5.85,6.33,5.96,6.02,7.88,12.73,8.39,8.64,13.89,17.53,11.42,34.52,6.93,6.84,7.23,6.8,3.87,3.76,5.68,5.49,3.08,3.72,9.39,3.91,3.18,3.31,4.14,5.22,2.8,5.85,2.97,4.22,3.72,9.23,1.79,5.25,4.82,2.49,1.5,3.51,6.99,0.0,4.61,0.43,15.14,4.17,1.16,7.44,5.44,2.54,5.11,6.34,4.21,14.22,8.5,14.56,6.47,3.54,6.57,3.72,3.05,3.05,3.05,6.01,4.92,4.14,19.67,4.86,6.49,4.07,5.12,6.02,7.64,7.44,5.26,5.05,12.56,6.54,9.35,7.39,8.06,6.36,10.07,10.14,10.97,7.14,9.95,8.07,10.8,8.37,21.63,18.07,13.23,11.02,15.37,34.39,18.16,45.1
72,29.16,8.86,3.8,3.32,2.63,5.78,1.81,3.19,1.26,6.01,4.29,8.73,0.69,3.8,1.69,3.04,10.06,2.13,3.24,11.42,2.79,8.07,8.16,4.3,5.86,6.44,4.84,5.51,9.93,7.74,8.92,7.69,7.72,11.17,9.05,6.89,10.43,17.33,21.21,12.79,38.68,9.37,9.3,6.06,4.93,5.62,5.78,3.41,3.4,6.19,7.69,13.91,3.52,7.1,3.7,8.37,9.6,6.77,10.38,7.24,8.68,1.49,4.7,3.12,1.12,0.91,2.31,6.07,1.33,2.4,4.61,0.0,4.42,10.53,8.73,3.71,2.84,1.06,2.49,1.0,1.9,1.5,18.77,12.98,19.1,10.88,2.9,2.74,3.32,5.04,5.04,5.04,2.83,3.04,4.55,24.16,4.08,3.74,6.27,4.88,9.55,4.68,4.76,7.83,7.11,8.41,9.86,13.24,5.36,11.62,6.3,6.76,6.98,7.61,9.0,13.44,8.63,14.1,9.36,25.71,14.45,16.08,11.35,18.56,38.4,19.71,49.0
73,25.12,5.21,4.1,4.7,4.03,2.33,6.15,1.5,3.22,1.62,0.13,4.32,4.27,1.3,5.68,7.28,14.4,3.98,2.79,15.74,4.33,12.1,4.68,6.42,4.55,4.55,5.7,7.46,6.61,5.5,6.05,5.59,5.66,7.7,12.36,7.96,8.3,13.76,17.44,11.07,34.53,7.35,7.26,7.44,6.94,4.23,4.13,5.75,5.58,3.5,4.14,9.69,4.07,3.61,3.5,4.53,5.58,3.22,6.17,3.36,4.56,3.64,9.08,1.82,5.13,4.7,2.42,1.83,3.39,6.81,0.43,4.42,0.0,14.94,4.31,0.8,7.22,5.19,2.21,4.84,6.09,3.9,14.36,8.6,14.7,6.54,3.14,6.25,3.31,2.64,2.64,2.64,5.65,4.52,3.71,19.78,4.44,6.1,3.71,4.69,5.86,7.26,7.04,4.95,4.7,12.24,6.35,9.28,6.97,7.92,5.93,9.69,9.75,10.58,6.8,9.81,7.67,10.64,7.99,21.63,17.69,13.02,10.62,15.21,34.37,17.84,45.07
74,39.27,19.04,13.04,12.08,12.04,16.12,8.89,13.69,11.77,16.54,14.82,19.25,10.71,14.17,9.42,7.81,1.74,11.52,13.11,2.22,11.66,4.92,18.05,10.81,14.8,15.59,12.4,11.0,19.49,16.78,18.24,16.62,16.61,20.76,7.9,12.6,18.74,26.66,30.7,20.15,48.59,18.27,18.24,12.54,11.43,15.05,15.31,11.04,11.25,16.18,17.89,24.33,12.79,17.33,13.34,18.68,19.96,17.05,20.82,17.62,19.11,11.6,6.09,13.55,10.0,10.42,12.74,16.59,11.7,8.16,15.14,10.53,14.94,0.0,19.25,14.21,7.74,9.81,12.87,10.19,8.95,11.28,29.25,23.43,29.58,21.31,12.64,9.32,12.87,14.95,14.95,14.95,10.25,11.68,13.81,34.58,12.74,10.56,15.91,13.43,19.46,10.03,10.5,17.33,16.44,5.82,19.6,23.22,11.5,21.4,14.18,9.01,9.39,8.88,17.69,23.03,16.13,23.47,17.09,35.61,10.27,24.82,17.65,27.53,48.07,26.33,58.42
75,21.39,3.95,7.59,8.45,7.98,4.05,10.46,5.69,7.53,2.76,4.44,0.02,8.55,5.16,9.92,11.53,18.66,8.0,6.5,19.99,8.15,16.2,3.88,9.99,6.62,6.08,8.82,10.8,5.16,6.12,5.56,6.35,6.43,5.62,16.05,10.72,8.11,10.79,14.04,10.83,30.51,7.79,7.7,10.61,10.51,6.57,6.31,9.62,9.42,5.03,3.83,5.94,7.68,3.86,7.02,3.26,3.16,3.76,2.88,3.06,2.41,7.88,13.39,5.91,9.42,8.98,6.65,2.91,7.67,11.13,4.17,8.73,4.31,19.25,0.0,5.05,11.51,9.46,6.41,9.1,10.35,8.07,10.06,4.36,10.39,2.47,6.96,10.34,6.92,5.1,5.1,5.1,9.6,8.27,6.61,15.51,7.71,9.83,5.06,7.54,3.95,10.92,10.6,5.03,5.55,16.23,4.62,5.96,10.22,5.35,8.19,13.31,13.29,14.17,6.96,7.08,8.9,8.09,8.73,17.73,21.2,10.84,11.5,12.48,30.49,16.82,41.26
76,25.92,5.96,4.01,4.46,3.71,2.98,5.48,1.21,2.56,2.4,0.71,5.05,3.51,0.71,4.9,6.5,13.63,3.18,2.07,14.97,3.55,11.3,4.92,5.65,4.16,4.3,5.03,6.72,6.83,5.38,6.12,5.44,5.5,7.98,11.57,7.32,8.22,14.11,17.86,10.93,35.09,7.87,7.78,7.33,6.71,4.51,4.47,5.41,5.25,4.04,4.87,10.49,3.92,4.32,3.44,5.31,6.38,3.93,6.97,4.13,5.36,3.11,8.4,1.58,4.5,4.07,1.94,2.63,2.8,6.11,1.16,3.71,0.8,14.21,5.05,0.0,6.47,4.42,1.41,4.07,5.32,3.1,15.06,9.27,15.4,7.19,2.38,5.45,2.59,2.38,2.38,2.38,4.85,3.75,3.17,20.46,3.76,5.32,3.6,4.1,6.2,6.48,6.28,5.0,4.6,11.43,6.63,9.75,6.26,8.28,5.44,8.91,8.98,9.8,6.71,10.16,7.33,10.94,7.73,22.16,16.91,13.22,10.28,15.49,34.89,17.77,45.55
77,31.97,11.65,6.12,5.34,4.94,8.6,1.65,6.03,4.11,8.83,7.09,11.51,2.97,6.44,1.76,0.7,7.22,3.92,5.47,8.58,4.23,5.42,10.49,4.37,7.59,8.31,5.66,5.28,12.1,9.6,10.95,9.48,9.49,13.37,6.99,7.0,11.99,19.46,23.43,14.0,41.12,11.76,11.7,7.29,6.0,8.11,8.32,4.78,4.9,8.91,10.48,16.75,5.83,9.9,6.21,11.19,12.43,9.58,13.22,10.08,11.52,4.13,2.41,5.95,2.66,2.99,5.14,8.91,4.12,0.91,7.44,2.84,7.22,7.74,11.51,6.47,0.0,2.07,5.13,2.45,1.26,3.57,21.51,15.69,21.84,13.58,5.02,2.23,5.32,7.34,7.34,7.34,3.13,4.34,6.41,26.85,5.51,3.87,8.42,6.31,11.91,4.14,4.48,9.94,9.11,5.91,12.13,15.66,5.45,13.93,7.46,5.31,5.65,6.0,10.71,15.66,9.74,16.22,10.62,28.13,12.25,17.93,12.06,20.54,40.74,20.77,51.24
78,30.12,9.84,4.85,4.31,3.67,6.74,1.73,4.11,2.23,6.8,5.07,9.46,0.92,4.37,0.63,2.1,9.21,1.99,3.46,10.56,2.48,7.07,8.49,3.51,5.81,6.48,4.34,4.68,10.16,7.78,9.06,7.69,7.71,11.42,7.98,6.19,10.33,17.55,21.49,12.55,39.11,10.43,10.36,6.9,5.7,6.68,6.84,4.22,4.26,7.23,8.68,14.8,4.56,8.09,4.77,9.33,10.54,7.75,11.27,8.19,9.59,2.55,4.26,4.08,1.73,1.76,3.29,6.93,2.38,1.95,5.44,1.06,5.19,9.81,9.46,4.42,2.07,0.0,3.07,0.4,0.91,1.54,19.44,13.62,19.78,11.51,3.03,1.71,3.38,5.33,5.33,5.33,2.0,2.67,4.55,24.79,3.83,2.94,6.47,4.65,9.9,3.75,3.89,8.01,7.22,7.37,10.15,13.65,4.61,11.94,5.97,5.73,5.96,6.57,8.96,13.71,8.32,14.31,9.12,26.12,13.39,16.15,10.9,18.7,38.76,19.43,49.3
79,27.33,7.27,4.09,4.22,3.39,4.2,4.3,1.7,1.61,3.81,2.11,6.41,2.16,1.32,3.51,5.12,12.25,1.81,1.25,13.58,2.29,9.89,5.71,4.42,3.96,4.35,4.07,5.56,7.53,5.59,6.61,5.59,5.63,8.75,10.21,6.38,8.4,14.91,18.76,10.97,36.19,8.78,8.7,7.22,6.38,5.17,5.2,4.93,4.82,5.07,6.14,11.9,3.91,5.57,3.64,6.65,7.76,5.19,8.38,5.48,6.76,2.39,7.18,1.94,3.45,3.06,1.65,4.03,1.98,4.85,2.54,2.49,2.21,12.87,6.41,1.41,5.13,3.07,0.0,2.69,3.94,1.69,16.38,10.56,16.71,8.45,1.3,4.04,1.68,2.67,2.67,2.67,3.48,2.53,2.7,21.73,2.87,4.03,3.95,3.44,7.08,5.18,5.03,5.49,4.88,10.03,7.42,10.76,5.15,9.16,4.9,7.6,7.69,8.49,6.91,11.0,7.05,11.69,7.61,23.23,15.58,13.8,9.95,16.2,35.92,17.88,46.53
80,29.83,9.58,4.78,4.32,3.63,6.48,2.08,3.82,2.01,6.46,4.72,9.1,0.6,3.99,0.85,2.43,9.56,1.6,3.06,10.9,2.13,7.34,8.09,3.35,5.43,6.09,4.05,4.55,9.76,7.39,8.67,7.31,7.33,11.02,8.12,5.99,9.96,17.15,21.09,12.21,38.7,10.3,10.24,7.01,5.85,6.55,6.7,4.34,4.35,7.01,8.42,14.49,4.5,7.83,4.65,9.05,10.24,7.48,10.95,7.9,9.28,2.45,4.66,3.82,1.89,1.83,3.05,6.6,2.21,2.35,5.11,1.0,4.84,10.19,9.1,4.07,2.45,0.4,2.69,0.0,1.25,1.14,19.06,13.24,19.4,11.13,2.63,1.77,2.98,4.93,4.93,4.93,1.86,2.33,4.16,24.4,3.47,2.78,6.07,4.29,9.5,3.69,3.78,7.61,6.83,7.6,9.75,13.24,4.43,11.54,5.65,5.78,5.99,6.64,8.58,13.31,7.99,13.91,8.77,25.72,13.53,15.76,10.61,18.3,38.35,19.1,48.9
81,31.02,10.74,5.58,4.94,4.38,7.64,1.68,5.01,3.12,7.7,5.97,10.35,1.82,5.23,0.5,1.19,8.32,2.65,4.21,9.66,2.99,6.18,9.23,3.45,6.35,7.07,4.57,4.51,10.84,8.36,9.7,8.25,8.26,12.11,7.25,6.15,10.8,18.21,22.17,12.89,39.86,11.2,11.14,7.31,6.06,7.47,7.65,4.66,4.73,8.09,9.57,15.71,5.28,8.98,5.55,10.23,11.44,8.64,12.17,9.09,10.49,3.36,3.62,4.98,2.2,2.39,4.18,7.83,3.23,1.49,6.34,1.9,6.09,8.95,10.35,5.32,1.26,0.91,3.94,1.25,0.0,2.33,20.31,14.48,20.64,12.37,3.76,1.34,4.06,6.08,6.08,6.08,2.04,3.11,5.16,25.63,4.29,2.9,7.16,5.11,10.65,3.46,3.7,8.68,7.85,6.51,10.87,14.41,4.57,12.67,6.32,5.15,5.42,5.95,9.49,14.4,8.64,14.96,9.48,26.87,12.62,16.71,11.08,19.3,39.47,19.72,49.98
82,29.0,8.86,4.73,4.49,3.69,5.76,3.11,3.12,1.71,5.5,3.79,8.07,0.84,2.92,1.86,3.48,10.6,0.64,1.92,11.92,1.34,8.2,6.95,3.18,4.4,5.02,3.42,4.4,8.63,6.32,7.56,6.25,6.28,9.9,8.64,5.59,8.96,16.03,19.96,11.3,37.57,9.99,9.91,7.39,6.33,6.26,6.35,4.8,4.76,6.47,7.72,13.59,4.47,7.13,4.46,8.28,9.42,6.77,10.06,7.11,8.43,2.46,5.8,3.22,2.62,2.38,2.56,5.71,2.08,3.47,4.21,1.5,3.9,11.28,8.07,3.1,3.57,1.54,1.69,1.14,2.33,0.0,17.99,12.16,18.32,10.04,1.51,2.37,1.89,3.79,3.79,3.79,1.93,1.6,3.1,23.3,2.58,2.68,4.95,3.38,8.36,3.78,3.73,6.49,5.73,8.36,8.62,12.11,4.13,10.41,4.81,6.11,6.25,7.0,7.55,12.18,7.14,12.79,7.86,24.58,14.04,14.69,9.87,17.2,37.22,18.22,47.77
83,14.75,11.8,17.38,18.3,17.93,13.77,20.51,15.74,17.58,12.81,14.49,10.05,18.54,15.08,19.85,21.47,28.56,17.81,16.23,29.86,17.82,25.88,11.74,19.33,15.33,14.55,17.89,19.84,11.09,13.8,12.4,14.05,14.1,10.15,25.2,19.18,13.8,8.81,8.79,15.26,21.18,15.22,15.17,19.99,20.17,15.91,15.61,19.5,19.29,14.34,12.59,7.01,17.52,12.98,16.85,11.7,10.5,13.1,9.36,12.37,10.92,17.93,23.44,15.96,19.47,19.04,16.7,12.9,17.73,21.17,14.22,18.77,14.36,29.25,10.06,15.06,21.51,19.44,16.38,19.06,20.31,17.99,0.0,5.83,0.34,7.95,16.71,20.13,16.56,14.51,14.51,14.51,19.29,17.87,15.89,5.52,17.04,19.32,13.85,16.6,10.5,20.27,19.87,12.82,13.72,25.75,10.69,7.4,19.23,9.26,16.63,22.48,22.36,23.26,13.69,8.79,16.09,9.34,15.39,9.45,29.89,11.19,17.46,10.39,21.59,17.87,32.43
84,18.79,7.11,11.92,12.79,12.34,8.32,14.74,10.02,11.81,7.11,8.73,4.36,12.72,9.25,14.02,15.63,22.73,11.98,10.4,24.02,11.99,20.06,6.09,13.56,9.65,8.9,12.17,14.14,5.92,8.33,7.08,8.58,8.64,5.38,19.5,13.64,9.03,7.88,10.36,11.15,26.19,11.0,10.93,14.82,14.81,10.71,10.43,13.98,13.77,9.12,7.57,4.89,12.02,7.81,11.36,6.73,5.82,7.83,4.75,7.08,5.83,12.21,17.67,10.26,13.73,13.29,10.98,7.27,11.99,15.38,8.5,12.98,8.6,23.43,4.36,9.27,15.69,13.62,10.56,13.24,14.48,12.16,5.83,0.0,6.17,2.12,10.87,14.3,10.73,8.69,8.69,8.69,13.47,12.05,10.1,11.19,11.26,13.52,8.11,10.86,5.03,14.5,14.12,7.25,8.11,19.97,5.4,3.52,13.53,4.55,11.04,16.76,16.67,17.57,8.51,5.25,10.88,6.24,10.34,13.51,24.36,8.97,12.79,9.73,26.24,15.71,37.05
85,14.61,12.13,17.71,18.64,18.27,14.1,20.85,16.08,17.91,13.15,14.83,10.39,18.87,15.41,20.18,21.8,28.89,18.14,16.56,30.19,18.15,26.2,12.06,19.65,15.64,14.87,18.21,20.16,11.38,14.1,12.7,14.35,14.4,10.43,25.51,19.48,14.07,8.91,8.74,15.48,20.87,15.53,15.48,20.32,20.5,16.24,15.94,19.84,19.62,14.67,12.93,7.3,17.85,13.31,17.19,12.03,10.82,13.43,9.69,12.7,11.25,18.26,23.78,16.29,19.81,19.38,17.04,13.24,18.07,21.5,14.56,19.1,14.7,29.58,10.39,15.4,21.84,19.78,16.71,19.4,20.64,18.32,0.34,6.17,0.0,8.29,17.04,20.46,16.88,14.84,14.84,14.84,19.62,18.2,16.21,5.19,17.36,19.64,14.17,16.91,10.81,20.59,20.19,13.12,14.03,26.08,10.99,7.67,19.54,9.54,16.93,22.79,22.67,23.57,13.98,9.03,16.37,9.55,15.67,9.22,30.19,11.34,17.72,10.46,21.3,17.98,32.14
86,20.49,5.94,10.05,10.88,10.38,6.52,12.66,7.99,9.74,5.11,6.67,2.46,10.62,7.14,11.9,13.52,20.61,9.86,8.28,21.9,9.88,17.95,4.16,11.48,7.63,6.92,10.11,12.1,4.45,6.48,5.4,6.74,6.81,4.33,17.45,11.68,7.65,8.55,11.62,10.08,28.08,9.9,9.82,13.08,12.97,9.03,8.77,12.05,11.85,7.47,6.12,5.63,10.13,6.24,9.47,5.4,4.82,6.19,3.98,5.46,4.47,10.17,15.58,8.25,11.67,11.23,8.94,5.35,9.93,13.28,6.47,10.88,6.54,21.31,2.47,7.19,13.58,11.51,8.45,11.13,12.37,10.04,7.95,2.12,8.29,0.0,8.75,12.18,8.61,6.59,6.59,6.59,11.35,9.94,8.01,13.28,9.17,11.42,6.07,8.8,3.35,12.42,12.05,5.37,6.17,17.87,3.88,3.71,11.49,3.73,9.08,14.71,14.62,15.52,6.88,5.12,9.16,6.16,8.74,15.27,22.38,8.99,11.34,10.31,28.03,15.39,38.8
87,28.17,8.34,5.33,5.36,4.52,5.35,4.61,2.98,2.53,4.61,3.07,6.96,2.32,1.9,3.26,4.83,11.86,1.12,0.47,13.15,1.21,9.25,5.47,3.27,2.98,3.54,2.77,4.35,7.13,4.84,6.06,4.79,4.82,8.39,9.24,5.09,7.54,14.53,18.46,9.98,36.1,10.05,9.97,8.35,7.41,6.47,6.5,5.92,5.83,6.31,7.25,12.69,5.13,6.69,4.92,7.68,8.7,6.31,9.21,6.51,7.67,3.38,7.29,3.24,4.01,3.7,2.9,4.95,2.95,4.98,3.54,2.9,3.14,12.64,6.96,2.38,5.02,3.03,1.3,2.63,3.76,1.51,16.71,10.87,17.04,8.75,0.0,3.42,0.45,2.32,2.32,2.32,2.64,1.38,1.67,21.96,1.58,2.97,3.44,2.21,6.89,4.12,3.9,4.99,4.23,9.27,7.13,10.65,3.9,8.92,3.69,6.55,6.61,7.44,6.1,10.68,5.93,11.29,6.57,23.11,14.55,13.19,8.78,15.7,35.73,16.91,46.27
88,31.36,11.21,6.54,6.03,5.37,8.1,3.02,5.45,3.75,7.84,6.15,10.34,2.32,5.19,1.14,1.72,8.45,2.34,3.9,9.73,2.35,5.86,8.73,2.16,5.55,6.32,3.45,3.18,10.2,7.56,8.98,7.42,7.43,11.47,6.37,4.84,9.83,17.47,21.48,11.77,39.29,12.07,12.0,8.57,7.33,8.32,8.46,5.89,5.94,8.73,10.06,15.94,6.26,9.47,6.42,10.64,11.79,9.11,12.42,9.47,10.79,4.22,4.62,5.5,3.39,3.47,4.76,8.07,3.98,2.77,6.57,2.74,6.25,9.32,10.34,5.45,2.23,1.71,4.04,1.77,1.34,2.37,20.13,14.3,20.46,12.18,3.42,0.0,3.59,5.66,5.66,5.66,0.96,2.36,4.49,25.36,3.46,1.64,6.59,4.21,10.14,2.13,2.37,8.03,7.15,5.99,10.29,13.9,3.26,12.09,5.26,4.02,4.25,4.87,8.6,13.75,7.52,14.24,8.41,26.3,11.78,15.83,9.84,18.47,38.83,18.54,49.26
89,28.21,8.51,5.75,5.8,4.96,5.58,5.0,3.32,2.98,4.69,3.25,6.91,2.72,2.02,3.56,5.09,12.04,1.41,0.53,13.31,1.26,9.34,5.19,3.15,2.54,3.13,2.45,4.15,6.79,4.43,5.68,4.37,4.4,8.06,9.19,4.77,7.11,14.18,18.13,9.53,35.81,10.37,10.29,8.79,7.86,6.83,6.84,6.36,6.28,6.59,7.45,12.71,5.55,6.9,5.32,7.83,8.81,6.52,9.26,6.67,7.77,3.83,7.63,3.6,4.44,4.14,3.31,5.07,3.4,5.33,3.72,3.32,3.31,12.87,6.92,2.59,5.32,3.38,1.68,2.98,4.06,1.89,16.56,10.73,16.88,8.61,0.45,3.59,0.0,2.08,2.08,2.08,2.74,1.35,1.23,21.77,1.21,2.92,3.11,1.77,6.61,4.04,3.77,4.63,3.85,9.32,6.81,10.37,3.67,8.61,3.25,6.47,6.5,7.35,5.67,10.35,5.48,10.93,6.12,22.82,14.45,12.8,8.34,15.32,35.42,16.46,45.94
90,26.5,7.4,6.36,6.71,5.91,4.89,6.83,3.57,4.28,3.41,2.68,5.09,4.55,1.72,5.59,7.15,14.11,3.44,1.87,15.38,3.32,11.37,3.16,4.93,1.93,1.93,3.73,5.7,4.89,3.02,3.94,3.07,3.12,6.13,10.97,5.75,5.86,12.29,16.19,8.55,33.78,9.97,9.88,9.66,8.94,6.84,6.76,7.54,7.41,6.12,6.49,11.02,6.24,6.02,5.81,6.65,7.43,5.65,7.69,5.58,6.38,5.04,9.59,3.93,6.08,5.71,4.08,3.94,4.64,7.26,3.05,5.04,2.64,14.95,5.1,2.38,7.34,5.33,2.67,4.93,6.08,3.79,14.51,8.69,14.84,6.59,2.32,5.66,2.08,0.0,0.0,0.0,4.79,3.36,1.51,19.7,2.62,4.84,1.29,2.47,4.57,5.87,5.52,2.82,2.26,11.29,4.84,8.33,5.12,6.62,3.43,8.22,8.19,9.08,4.35,8.41,5.03,9.06,5.37,20.79,16.1,11.13,7.98,13.54,33.43,15.41,43.99
91,26.5,7.41,6.36,6.71,5.91,4.89,6.83,3.57,4.28,3.41,2.68,5.09,4.55,1.72,5.59,7.15,14.11,3.44,1.87,15.38,3.32,11.37,3.16,4.93,1.93,1.93,3.72,5.7,4.89,3.02,3.94,3.07,3.12,6.13,10.97,5.75,5.86,12.29,16.19,8.55,33.78,9.97,9.88,9.66,8.94,6.84,6.76,7.54,7.41,6.12,6.49,11.02,6.24,6.02,5.81,6.65,7.43,5.65,7.69,5.58,6.38,5.04,9.59,3.93,6.08,5.71,4.08,3.94,4.64,7.26,3.05,5.04,2.64,14.95,5.1,2.38,7.34,5.33,2.67,4.93,6.08,3.79,14.51,8.69,14.84,6.59,2.32,5.66,2.08,0.0,0.0,0.0,4.79,3.36,1.51,19.7,2.62,4.84,1.29,2.47,4.57,5.87,5.52,2.82,2.26,11.29,4.84,8.33,5.12,6.62,3.43,8.22,8.19,9.08,4.35,8.4,5.03,9.06,5.37,20.79,16.1,11.13,7.98,13.54,33.43,15.41,43.99
92,26.5,7.41,6.36,6.71,5.91,4.89,6.83,3.57,4.28,3.41,2.68,5.09,4.55,1.72,5.59,7.15,14.11,3.44,1.87,15.38,3.32,11.37,3.16,4.93,1.93,1.93,3.72,5.7,4.89,3.02,3.94,3.07,3.12,6.13,10.97,5.75,5.86,12.29,16.19,8.55,33.78,9.97,9.88,9.66,8.94,6.84,6.76,7.54,7.41,6.12,6.49,11.02,6.24,6.02,5.81,6.65,7.43,5.65,7.69,5.58,6.38,5.04,9.59,3.93,6.08,5.71,4.08,3.94,4.64,7.26,3.05,5.04,2.64,14.95,5.1,2.38,7.34,5.33,2.67,4.93,6.08,3.79,14.51,8.69,14.84,6.59,2.32,5.66,2.08,0.0,0.0,0.0,4.79,3.36,1.51,19.7,2.62,4.84,1.29,2.47,4.57,5.87,5.52,2.82,2.26,11.29,4.84,8.33,5.12,6.62,3.43,8.22,8.19,9.08,4.35,8.4,5.03,9.06,5.37,20.79,16.1,11.13,7.98,13.54,33.43,15.41,43.99
93,30.76,10.74,6.53,6.14,5.41,7.65,3.62,5.03,3.56,7.2,5.56,9.6,2.24,4.5,1.64,2.67,9.34,1.67,3.11,10.59,1.48,6.61,7.81,1.51,4.59,5.36,2.54,2.69,9.25,6.6,8.02,6.46,6.47,10.52,6.74,4.19,8.88,16.51,20.52,10.88,38.35,11.9,11.83,8.87,7.69,8.16,8.27,6.2,6.21,8.4,9.61,15.3,6.26,9.03,6.32,10.13,11.23,8.65,11.8,8.95,10.21,4.19,5.53,5.15,3.72,3.69,4.49,7.48,3.88,3.53,6.01,2.83,5.65,10.25,9.6,4.85,3.13,2.0,3.48,1.86,2.04,1.93,19.29,13.47,19.62,11.35,2.64,0.96,2.74,4.79,4.79,4.79,0.0,1.44,3.56,24.49,2.5,0.93,5.66,3.25,9.22,1.88,1.93,7.08,6.2,6.63,9.35,12.98,2.61,11.15,4.33,4.18,4.32,5.07,7.64,12.8,6.62,13.28,7.49,25.36,12.12,14.87,9.04,17.51,37.87,17.68,48.3
94,29.54,9.71,6.24,6.07,5.26,6.7,4.4,4.22,3.24,5.99,4.45,8.26,2.35,3.28,2.62,3.99,10.78,0.97,1.79,12.03,0.27,8.01,6.38,1.9,3.25,3.99,1.82,3.03,7.84,5.26,6.64,5.14,5.15,9.12,7.87,4.03,7.7,15.15,19.14,9.88,36.93,11.28,11.2,8.99,7.93,7.61,7.67,6.4,6.36,7.59,8.61,14.05,6.0,8.05,5.91,9.06,10.09,7.67,10.58,7.88,9.05,4.03,6.73,4.42,4.13,3.94,3.92,6.33,3.63,4.54,4.92,3.04,4.52,11.68,8.27,3.75,4.34,2.67,2.53,2.33,3.11,1.6,17.87,12.05,18.2,9.94,1.38,2.36,1.35,3.36,3.36,3.36,1.44,0.0,2.13,23.05,1.18,1.59,4.23,2.0,7.78,2.74,2.52,5.67,4.81,7.97,7.93,11.54,2.66,9.73,3.32,5.17,5.23,6.06,6.37,11.4,5.66,11.91,6.45,23.94,13.17,13.6,8.31,16.2,36.48,16.77,46.94
95,28.01,8.76,6.78,6.92,6.08,6.04,6.21,4.16,4.16,4.79,3.7,6.61,3.94,2.47,4.65,6.1,12.87,2.56,1.47,14.1,2.19,10.01,4.27,3.46,1.32,1.93,2.21,4.18,5.72,3.23,4.54,3.15,3.18,6.99,9.48,4.32,5.87,13.05,17.03,8.32,34.8,11.02,10.94,9.92,9.04,7.64,7.62,7.55,7.46,7.18,7.78,12.53,6.61,7.28,6.3,8.03,8.88,6.9,9.19,6.92,7.83,5.01,8.76,4.48,5.67,5.37,4.35,5.27,4.58,6.5,4.14,4.55,3.71,13.81,6.61,3.17,6.41,4.55,2.7,4.16,5.16,3.1,15.89,10.1,16.21,8.01,1.67,4.49,1.23,1.51,1.51,1.51,3.56,2.13,0.0,21.0,1.15,3.44,2.11,1.0,5.67,4.41,4.04,3.55,2.7,9.87,5.8,9.42,3.6,7.6,2.28,6.73,6.68,7.57,4.45,9.28,4.34,9.81,4.93,21.81,14.59,11.6,7.26,14.15,34.36,15.25,44.84
96,14.21,17.29,22.89,23.82,23.43,19.28,25.93,21.19,23.0,18.27,19.91,15.5,23.9,20.42,25.16,26.77,33.81,23.08,21.49,35.08,23.02,31.0,16.75,24.39,20.3,19.5,22.88,24.78,15.76,18.58,17.11,18.81,18.85,14.64,30.07,23.92,18.02,11.11,8.86,18.87,15.91,20.59,20.54,25.5,25.69,21.42,21.12,25.01,24.8,19.85,18.11,12.26,23.03,18.5,22.36,17.21,16.0,18.62,14.87,17.89,16.44,23.38,28.86,21.42,24.91,24.48,22.15,18.38,23.17,26.56,19.67,24.16,19.78,34.58,15.51,20.46,26.85,24.79,21.73,24.4,25.63,23.3,5.52,11.19,5.19,13.28,21.96,25.36,21.77,19.7,19.7,19.7,24.49,23.05,21.0,0.0,22.14,24.43,18.91,21.62,15.41,25.32,24.89,17.71,18.63,30.81,15.46,11.85,24.16,13.8,21.46,27.41,27.25,28.14,18.24,12.79,20.56,12.98,19.75,6.1,34.49,13.89,21.42,12.05,16.6,19.68,27.35
97,29.09,9.61,6.9,6.87,6.04,6.74,5.55,4.53,4.01,5.71,4.39,7.7,3.4,3.14,3.8,5.14,11.76,1.95,1.72,12.98,1.34,8.86,5.4,2.32,2.09,2.86,1.27,3.12,6.75,4.11,5.52,3.98,3.98,8.02,8.35,3.57,6.52,14.01,18.01,8.74,35.85,11.57,11.49,9.85,8.85,8.03,8.05,7.33,7.27,7.78,8.58,13.6,6.68,8.04,6.49,8.91,9.83,7.66,10.21,7.76,8.78,4.85,7.91,4.8,5.19,4.96,4.47,6.14,4.43,5.72,4.86,4.08,4.44,12.74,7.71,3.76,5.51,3.83,2.87,3.47,4.29,2.58,17.04,11.26,17.36,9.17,1.58,3.46,1.21,2.62,2.62,2.62,2.5,1.18,1.15,22.14,0.0,2.29,3.24,0.82,6.79,3.26,2.9,4.59,3.7,8.71,6.87,10.52,2.58,8.67,2.23,5.6,5.58,6.46,5.2,10.3,4.56,10.78,5.31,22.87,13.51,12.42,7.31,15.04,35.37,15.65,45.8
98,31.13,11.28,7.38,7.04,6.29,8.23,4.53,5.68,4.37,7.58,6.03,9.83,3.12,4.87,2.55,3.32,9.51,2.25,3.39,10.71,1.77,6.57,7.68,0.57,4.26,5.06,1.88,1.77,8.97,6.22,7.69,6.06,6.05,10.23,6.27,3.27,8.31,16.11,20.14,10.16,38.05,12.66,12.58,9.79,8.62,8.93,9.03,7.12,7.13,9.06,10.17,15.64,7.11,9.6,7.13,10.63,11.68,9.22,12.17,9.46,10.64,5.05,6.24,5.83,4.65,4.61,5.23,7.92,4.71,4.38,6.49,3.74,6.1,10.56,9.83,5.32,3.87,2.94,4.03,2.78,2.9,2.68,19.32,13.52,19.64,11.42,2.97,1.64,2.92,4.84,4.84,4.84,0.93,1.59,3.44,24.43,2.29,0.0,5.52,2.88,9.06,1.16,1.05,6.84,5.92,6.45,9.13,12.79,1.69,10.91,3.71,3.59,3.66,4.48,7.16,12.49,5.92,12.91,6.82,25.08,11.58,14.35,8.2,17.03,37.51,16.9,47.88
99,26.35,7.96,7.61,7.99,7.19,5.78,8.03,4.81,5.56,4.06,3.77,5.05,5.74,2.98,6.66,8.17,14.98,4.51,3.04,16.21,4.26,12.09,2.16,5.49,1.59,1.05,4.05,6.03,3.69,1.79,2.66,1.88,1.95,4.96,11.39,5.7,4.62,11.09,15.02,7.36,32.72,10.86,10.77,10.92,10.22,7.94,7.84,8.83,8.7,7.07,7.17,10.98,7.5,6.77,7.04,7.18,7.78,6.42,7.85,6.21,6.76,6.33,10.73,5.17,7.33,6.97,5.37,4.65,5.93,8.42,4.07,6.27,3.71,15.91,5.06,3.6,8.42,6.47,3.95,6.07,7.16,4.95,13.85,8.11,14.17,6.07,3.44,6.59,3.11,1.29,1.29,1.29,5.66,4.23,2.11,18.91,3.24,5.52,0.0,2.75,3.56,6.43,6.03,1.56,1.0,11.92,3.71,7.32,5.42,5.52,3.13,8.65,8.56,9.46,3.11,7.24,4.16,7.85,4.33,19.73,16.33,9.85,7.05,12.29,32.31,14.18,42.83
100,28.93,9.77,7.52,7.56,6.73,7.02,6.37,5.01,4.73,5.79,4.67,7.53,4.21,3.42,4.62,5.91,12.4,2.75,2.2,13.58,2.17,9.41,4.87,2.77,1.37,2.18,1.31,3.3,6.09,3.36,4.81,3.21,3.21,7.35,8.65,3.32,5.7,13.27,17.29,7.93,35.17,11.97,11.88,10.56,9.6,8.52,8.52,8.08,8.01,8.14,8.78,13.47,7.33,8.27,7.08,9.03,9.88,7.89,10.16,7.92,8.82,5.57,8.71,5.31,6.0,5.75,5.08,6.28,5.15,6.54,5.12,4.88,4.69,13.43,7.54,4.1,6.31,4.65,3.44,4.29,5.11,3.38,16.6,10.86,16.91,8.8,2.21,4.21,1.77,2.47,2.47,2.47,3.25,2.0,1.0,21.62,0.82,2.88,2.75,0.0,6.22,3.7,3.28,3.96,3.04,9.19,6.25,9.92,2.7,8.03,1.48,5.91,5.83,6.72,4.4,9.61,3.77,10.05,4.49,22.19,13.67,11.63,6.57,14.26,34.65,14.84,45.06
101,23.77,7.86,9.94,10.56,9.87,7.01,11.35,7.32,8.63,5.11,5.98,3.93,9.1,5.83,10.15,11.69,18.54,8.0,6.45,19.76,7.8,15.62,1.42,8.99,4.89,4.09,7.47,9.39,1.22,3.32,2.07,3.57,3.63,1.88,14.72,8.69,4.35,7.91,11.69,6.95,29.21,11.55,11.46,13.25,12.8,9.58,9.39,11.59,11.42,8.26,7.54,8.94,9.92,7.39,9.33,7.13,7.11,7.17,6.65,6.62,6.35,9.28,14.15,7.67,10.53,10.13,8.13,5.63,8.93,11.82,6.02,9.55,5.86,19.46,3.95,6.2,11.91,9.9,7.08,9.5,10.65,8.36,10.5,5.03,10.81,3.35,6.89,10.14,6.61,4.57,4.57,4.57,9.22,7.78,5.67,15.41,6.79,9.06,3.56,6.22,0.0,9.91,9.49,2.32,3.24,15.4,0.67,3.76,8.77,2.09,6.13,12.02,11.88,12.78,3.53,3.96,5.86,4.78,5.39,16.22,19.41,7.28,8.0,9.35,28.86,12.9,39.45
102,32.25,12.43,8.41,8.0,7.29,9.39,5.14,6.82,5.44,8.72,7.18,10.91,4.12,6.02,3.24,3.49,8.85,3.4,4.52,9.97,2.93,5.74,8.57,0.94,5.03,5.84,2.46,1.15,9.71,6.9,8.4,6.71,6.69,10.96,5.15,2.91,8.71,16.68,20.73,10.29,38.7,13.77,13.69,10.65,9.44,10.03,10.14,7.98,8.01,10.21,11.32,16.75,8.14,10.75,8.2,11.79,12.82,10.37,13.3,10.61,11.78,6.07,6.36,6.97,5.47,5.5,6.34,9.07,5.76,4.83,7.64,4.68,7.26,10.03,10.92,6.48,4.14,3.75,5.18,3.69,3.46,3.78,20.27,14.5,20.59,12.42,4.12,2.13,4.04,5.87,5.87,5.87,1.88,2.74,4.41,25.32,3.26,1.16,6.43,3.7,9.91,0.0,0.47,7.63,6.71,5.49,9.92,13.59,1.5,11.68,4.16,2.44,2.51,3.33,7.69,13.17,6.14,13.52,7.09,25.76,10.43,14.78,8.08,17.5,38.1,16.86,48.39
103,31.96,12.24,8.43,8.07,7.33,9.22,5.38,6.7,5.43,8.47,6.97,10.59,4.16,5.78,3.43,3.85,9.32,3.28,4.27,10.43,2.74,6.19,8.15,0.62,4.6,5.41,2.02,0.81,9.27,6.45,7.95,6.26,6.24,10.5,5.46,2.52,8.24,16.21,20.26,9.83,38.24,13.7,13.62,10.79,9.6,9.98,10.07,8.11,8.13,10.08,11.14,16.46,8.16,10.58,8.18,11.57,12.58,10.19,13.03,10.4,11.54,6.1,6.75,6.86,5.62,5.61,6.28,8.84,5.76,5.12,7.44,4.76,7.04,10.5,10.6,6.28,4.48,3.89,5.03,3.78,3.7,3.73,19.87,14.12,20.19,12.05,3.9,2.37,3.77,5.52,5.52,5.52,1.93,2.52,4.04,24.89,2.9,1.05,6.03,3.28,9.49,0.47,0.0,7.2,6.27,5.91,9.48,13.15,1.04,11.24,3.7,2.71,2.72,3.58,7.23,12.71,5.67,13.06,6.62,25.3,10.68,14.31,7.66,17.03,37.63,16.44,47.92
104,25.85,8.48,8.99,9.44,8.67,6.76,9.59,6.21,7.1,4.88,5.04,5.01,7.29,4.44,8.18,9.65,16.35,6.04,4.6,17.54,5.73,13.36,1.23,6.72,2.6,1.8,5.18,7.07,2.17,1.13,1.13,1.38,1.45,3.45,12.4,6.39,3.44,9.54,13.49,6.26,31.26,11.74,11.65,12.33,11.69,9.11,8.98,10.33,10.19,8.07,7.85,10.71,8.91,7.54,8.41,7.7,8.06,7.23,7.91,6.88,7.11,7.85,12.26,6.57,8.89,8.52,6.84,5.48,7.46,9.96,5.26,7.83,4.95,17.33,5.03,5.0,9.94,8.01,5.49,7.61,8.68,6.49,12.82,7.25,13.12,5.37,4.99,8.03,4.63,2.82,2.82,2.82,7.08,5.67,3.55,17.71,4.59,6.84,1.56,3.96,2.32,7.63,7.2,0.0,0.93,13.11,2.29,5.96,6.45,4.08,3.81,9.7,9.56,10.46,2.03,5.73,3.9,6.3,3.71,18.28,17.12,8.3,6.49,10.73,30.81,12.9,41.3
105,26.61,8.74,8.6,8.97,8.17,6.72,8.84,5.8,6.48,4.93,4.76,5.53,6.55,3.97,7.35,8.79,15.44,5.24,3.88,16.62,4.88,12.44,2.02,5.8,1.68,0.87,4.25,6.15,3.05,0.8,1.84,0.93,1.0,4.32,11.48,5.53,3.63,10.35,14.34,6.37,32.15,11.78,11.69,11.91,11.19,8.92,8.82,9.79,9.66,8.02,8.01,11.36,8.49,7.64,8.04,7.96,8.45,7.3,8.41,7.04,7.46,7.27,11.46,6.17,8.2,7.86,6.34,5.53,6.87,9.17,5.05,7.11,4.7,16.44,5.55,4.6,9.11,7.22,4.88,6.83,7.85,5.73,13.72,8.11,14.03,6.17,4.23,7.15,3.85,2.26,2.26,2.26,6.2,4.81,2.7,18.63,3.7,5.92,1.0,3.04,3.24,6.71,6.27,0.93,0.0,12.18,3.21,6.88,5.53,4.99,2.93,8.78,8.65,9.54,2.11,6.6,3.39,7.11,3.43,19.17,16.25,8.97,6.19,11.48,31.68,13.18,42.14
106,37.35,17.17,12.0,11.25,10.81,14.06,7.57,11.4,9.59,13.81,12.13,16.22,8.2,11.13,6.76,5.44,4.18,8.28,9.73,4.91,8.07,1.02,14.06,6.43,10.51,11.32,7.93,6.11,15.15,12.32,13.82,12.11,12.09,16.37,2.13,7.38,13.77,21.89,25.93,14.78,43.97,17.65,17.59,13.03,11.73,13.96,14.15,10.65,10.79,14.59,16.01,21.92,11.71,15.42,12.04,16.62,17.78,15.07,18.4,15.46,16.78,9.86,6.3,11.42,8.53,8.82,10.65,14.06,9.74,6.79,12.56,8.41,12.24,5.82,16.23,11.43,5.91,7.37,10.03,7.6,6.51,8.36,25.75,19.97,26.08,17.87,9.27,5.99,9.32,11.29,11.29,11.29,6.63,7.97,9.87,30.81,8.71,6.45,11.92,9.19,15.4,5.49,5.91,13.11,12.18,0.0,15.39,19.05,6.71,17.13,9.48,3.61,3.9,3.21,12.97,18.54,11.05,18.81,12.01,31.09,6.46,19.77,12.12,22.54,43.26,20.66,53.38
107,24.19,8.52,10.45,11.04,10.33,7.61,11.66,7.79,9.0,5.7,6.47,4.6,9.38,6.21,10.37,11.88,18.64,8.22,6.7,19.83,7.97,15.65,1.72,9.01,4.89,4.08,7.46,9.32,0.58,3.13,1.71,3.37,3.42,1.35,14.62,8.51,3.77,7.5,11.35,6.31,29.01,12.21,12.11,13.77,13.29,10.17,9.98,12.04,11.88,8.88,8.19,9.51,10.42,8.04,9.85,7.79,7.77,7.8,7.31,7.27,7.01,9.68,14.41,8.14,10.87,10.48,8.56,6.24,9.32,12.09,6.54,9.86,6.35,19.6,4.62,6.63,12.13,10.15,7.42,9.75,10.87,8.62,10.69,5.4,10.99,3.88,7.13,10.29,6.81,4.84,4.84,4.84,9.35,7.93,5.8,15.46,6.87,9.13,3.71,6.25,0.67,9.92,9.48,2.29,3.21,15.39,0.0,3.67,8.71,1.8,6.0,11.95,11.79,12.68,3.11,3.58,5.49,4.3,4.94,16.02,19.2,6.7,7.47,8.86,28.61,12.24,39.15
108,21.65,9.65,13.19,13.93,13.31,9.87,15.06,10.78,12.26,8.17,9.41,5.94,12.83,9.47,13.91,15.46,22.29,11.76,10.2,23.49,11.56,19.32,5.18,12.68,8.56,7.75,11.13,12.97,3.92,6.75,5.26,6.97,7.01,2.8,18.23,12.07,6.4,4.85,8.19,8.03,25.46,13.6,13.52,16.39,16.12,12.46,12.21,15.02,14.84,10.96,9.76,8.41,13.22,9.82,12.59,9.08,8.52,9.71,7.63,9.02,8.16,12.85,17.89,11.1,14.18,13.77,11.66,8.56,12.54,15.55,9.35,13.24,9.28,23.22,5.96,9.75,15.66,13.65,10.76,13.24,14.41,12.11,7.4,3.52,7.67,3.71,10.65,13.9,10.37,8.33,8.33,8.33,12.98,11.54,9.42,11.85,10.52,12.79,7.32,9.92,3.76,13.59,13.15,5.96,6.88,19.05,3.67,0.0,12.36,1.95,9.62,15.59,15.41,16.3,6.4,1.74,8.77,2.71,8.02,12.48,22.67,5.48,10.08,6.6,25.16,12.19,35.81
109,31.61,12.17,8.85,8.6,7.82,9.24,6.21,6.85,5.83,8.29,6.92,10.21,4.71,5.68,4.23,4.84,10.27,3.58,4.19,11.35,2.92,7.07,7.48,1.12,3.9,4.68,1.39,0.62,8.45,5.62,7.12,5.41,5.38,9.67,5.98,1.59,7.24,15.27,19.32,8.79,37.32,13.92,13.84,11.42,10.28,10.27,10.33,8.76,8.76,10.21,11.11,16.13,8.6,10.57,8.55,11.47,12.41,10.18,12.77,10.32,11.36,6.58,7.76,7.07,6.32,6.25,6.57,8.71,6.21,6.03,7.39,5.36,6.97,11.5,10.22,6.26,5.45,4.61,5.15,4.43,4.57,4.13,19.23,13.53,19.54,11.49,3.9,3.26,3.67,5.12,5.12,5.12,2.61,2.66,3.6,24.16,2.58,1.69,5.42,2.7,8.77,1.5,1.04,6.45,5.53,6.71,8.71,12.36,0.0,10.43,2.78,3.25,3.14,4.04,6.3,11.84,4.64,12.14,5.6,24.41,10.98,13.32,6.64,16.05,36.69,15.4,46.94
110,23.22,9.28,11.97,12.63,11.95,8.89,13.43,9.4,10.72,7.05,8.05,5.33,11.16,7.92,12.17,13.68,20.43,10.01,8.49,21.62,9.77,17.42,3.47,10.78,6.66,5.86,9.22,11.04,1.98,4.81,3.32,5.03,5.07,0.9,16.29,10.12,4.61,5.84,9.6,6.6,27.21,13.14,13.05,15.26,14.86,11.49,11.28,13.67,13.5,10.09,9.15,9.19,11.97,9.1,11.37,8.61,8.33,8.92,7.63,8.3,7.74,11.37,16.2,9.74,12.61,12.22,10.22,7.53,11.03,13.88,8.06,11.62,7.92,21.4,5.35,8.28,13.93,11.94,9.16,11.54,12.67,10.41,9.26,4.55,9.54,3.73,8.92,12.09,8.61,6.62,6.62,6.62,11.15,9.73,7.6,13.8,8.67,10.91,5.52,8.03,2.09,11.68,11.24,4.08,4.99,17.13,1.8,1.95,10.43,0.0,7.68,13.65,13.47,14.36,4.47,1.89,6.85,2.8,6.14,14.22,20.73,5.49,8.35,7.34,26.81,11.67,37.38
111,29.47,10.83,8.99,9.04,8.21,8.25,7.71,6.43,6.21,6.84,5.93,8.18,5.62,4.73,5.86,6.98,13.01,4.17,3.65,14.12,3.53,9.85,4.95,3.38,1.58,2.17,1.83,3.38,5.71,2.87,4.36,2.65,2.62,6.9,8.62,2.6,4.6,12.52,16.56,6.58,34.55,13.28,13.19,12.04,11.07,9.92,9.9,9.55,9.49,9.43,9.91,14.11,8.8,9.44,8.54,10.07,10.8,9.06,10.95,9.01,9.76,7.05,9.86,6.74,7.42,7.19,6.55,7.37,6.63,7.79,6.36,6.3,5.93,14.18,8.19,5.44,7.46,5.97,4.9,5.65,6.32,4.81,16.63,11.04,16.93,9.08,3.69,5.26,3.25,3.43,3.43,3.43,4.33,3.32,2.28,21.46,2.23,3.71,3.13,1.48,6.13,4.16,3.7,3.81,2.93,9.48,6.0,9.62,2.78,7.68,0.0,5.97,5.79,6.68,3.53,9.06,2.35,9.37,3.16,21.63,13.32,10.66,5.09,13.36,33.94,13.45,44.24
112,34.67,14.86,10.56,10.04,9.39,11.8,6.73,9.2,7.69,11.16,9.61,13.3,6.3,8.45,5.13,4.62,7.56,5.79,6.95,8.46,5.36,4.2,10.74,3.32,7.15,7.93,4.6,2.64,11.68,8.84,10.33,8.62,8.59,12.87,2.75,3.78,10.16,18.29,22.33,11.22,40.37,16.05,15.98,12.45,11.18,12.3,12.42,9.81,9.88,12.57,13.74,19.17,10.28,13.17,10.42,14.22,15.26,12.79,15.73,13.04,14.22,8.23,6.97,9.32,7.34,7.47,8.65,11.5,7.97,6.18,10.07,6.76,9.69,9.01,13.31,8.91,5.31,5.73,7.6,5.78,5.15,6.11,22.48,16.76,22.79,14.71,6.55,4.02,6.47,8.22,8.22,8.22,4.18,5.17,6.73,27.41,5.6,3.59,8.65,5.91,12.02,2.44,2.71,9.7,8.78,3.61,11.95,15.59,3.25,13.65,5.97,0.0,0.4,0.9,9.41,15.0,7.44,15.23,8.4,27.51,8.0,16.17,8.64,18.93,39.65,17.33,49.78
113,34.66,14.94,10.77,10.27,9.61,11.89,7.03,9.32,7.87,11.19,9.68,13.28,6.49,8.5,5.37,4.95,7.91,5.9,6.99,8.79,5.43,4.54,10.62,3.35,7.03,7.8,4.51,2.53,11.5,8.67,10.15,8.44,8.4,12.68,2.84,3.5,9.9,18.03,22.07,10.89,40.11,16.22,16.15,12.74,11.47,12.47,12.59,10.08,10.15,12.7,13.83,19.17,10.49,13.26,10.61,14.28,15.3,12.88,15.75,13.11,14.26,8.43,7.35,9.46,7.6,7.71,8.81,11.55,8.15,6.5,10.14,6.98,9.75,9.39,13.29,8.98,5.65,5.96,7.69,5.99,5.42,6.25,22.36,16.67,22.67,14.62,6.61,4.25,6.5,8.19,8.19,8.19,4.32,5.23,6.68,27.25,5.58,3.66,8.56,5.83,11.88,2.51,2.72,9.56,8.65,3.9,11.79,15.41,3.14,13.47,5.79,0.4,0.0,0.9,9.18,14.79,7.17,14.99,8.13,27.27,7.95,15.88,8.29,18.64,39.38,16.95,49.48
114,35.54,15.75,11.41,10.87,10.24,12.69,7.49,10.1,8.57,12.04,10.5,14.16,7.17,9.34,5.96,5.33,7.33,6.69,7.84,8.12,6.25,3.97,11.52,4.2,7.93,8.7,5.41,3.43,12.38,9.55,11.04,9.33,9.29,13.55,1.94,4.33,10.71,18.85,22.88,11.59,40.93,16.93,16.85,13.22,11.94,13.17,13.3,10.6,10.68,13.46,14.63,20.04,11.13,14.06,11.28,15.11,16.15,13.68,16.61,13.94,15.11,9.09,7.47,10.21,8.15,8.3,9.54,12.39,8.84,6.89,10.97,7.61,10.58,8.88,14.17,9.8,6.0,6.57,8.49,6.64,5.95,7.0,23.26,17.57,23.57,15.52,7.44,4.87,7.35,9.08,9.08,9.08,5.07,6.06,7.57,28.14,6.46,4.48,9.46,6.72,12.78,3.33,3.58,10.46,9.54,3.21,12.68,16.3,4.04,14.36,6.68,0.9,0.9,0.0,10.04,15.65,7.98,15.84,8.93,28.11,7.11,16.65,8.91,19.42,40.17,17.48,50.22
115,27.29,10.51,10.71,11.05,10.24,8.74,10.65,7.91,8.49,6.89,6.87,6.94,8.39,6.07,9.0,10.31,16.54,6.99,5.81,17.65,6.51,13.37,3.07,6.89,3.16,2.57,5.3,6.88,2.62,1.33,1.48,1.32,1.28,3.6,11.95,5.74,1.52,8.99,13.03,4.28,31.02,13.76,13.66,14.01,13.26,11.02,10.9,11.84,11.72,10.05,9.89,12.42,10.59,9.57,10.15,9.73,10.05,9.25,9.83,8.92,9.12,9.3,13.1,8.28,10.11,9.79,8.42,7.49,8.88,10.89,7.14,9.0,6.8,17.69,6.96,6.71,10.71,8.96,6.91,8.58,9.49,7.55,13.69,8.51,13.98,6.88,6.1,8.6,5.67,4.35,4.35,4.35,7.64,6.37,4.45,18.24,5.2,7.16,3.11,4.4,3.53,7.69,7.23,2.03,2.11,12.97,3.11,6.4,6.3,4.47,3.53,9.41,9.18,10.04,0.0,5.6,2.4,5.84,1.86,18.12,16.27,7.23,4.56,9.88,30.41,11.07,40.73
116,23.25,10.94,13.86,14.52,13.83,10.75,15.23,11.28,12.57,8.93,9.93,7.06,12.95,9.77,13.9,15.38,21.99,11.75,10.26,23.14,11.46,18.9,5.29,12.3,8.23,7.44,10.71,12.44,3.56,6.27,4.79,6.46,6.48,2.29,17.55,11.34,5.24,3.95,7.78,6.47,25.56,14.85,14.77,17.15,16.75,13.36,13.13,15.55,15.38,11.93,10.91,10.13,13.86,10.89,13.26,10.31,9.9,10.74,9.1,10.09,9.42,13.24,17.97,11.62,14.45,14.06,12.1,9.4,12.88,15.65,9.95,13.44,9.81,23.03,7.08,10.16,15.66,13.71,11.0,13.31,14.4,12.18,8.79,5.25,9.03,5.12,10.68,13.75,10.35,8.41,8.4,8.4,12.8,11.4,9.28,12.79,10.3,12.49,7.24,9.61,3.96,13.17,12.71,5.73,6.6,18.54,3.58,1.74,11.84,1.89,9.06,15.0,14.79,15.65,5.6,0.0,7.83,1.04,6.98,12.59,21.74,3.87,8.73,5.46,25.08,10.47,35.59
117,29.63,12.1,11.12,11.26,10.42,9.88,10.05,8.43,8.46,8.21,7.7,8.88,7.96,6.62,8.19,9.23,14.85,6.5,5.81,15.86,5.87,11.56,5.12,5.5,3.17,3.16,4.08,5.13,5.02,2.78,3.8,2.54,2.47,5.97,9.82,3.67,2.74,10.87,14.91,4.26,32.95,14.97,14.88,14.26,13.34,11.84,11.78,11.84,11.76,11.14,11.33,14.6,10.95,10.92,10.63,11.32,11.84,10.57,11.78,10.37,10.85,9.31,12.14,8.77,9.75,9.52,8.69,8.8,8.88,10.12,8.07,8.63,7.67,16.13,8.9,7.33,9.74,8.32,7.05,7.99,8.64,7.14,16.09,10.88,16.37,9.16,5.93,7.52,5.48,5.03,5.03,5.03,6.62,5.66,4.34,20.56,4.56,5.92,4.16,3.77,5.86,6.14,5.67,3.9,3.39,11.05,5.49,8.77,4.64,6.85,2.35,7.44,7.17,7.98,2.4,7.83,0.0,7.9,0.97,20.15,13.93,8.74,2.96,11.49,32.21,11.11,42.37
118,23.94,11.97,14.72,15.34,14.63,11.69,15.87,12.08,13.28,9.83,10.75,8.07,13.58,10.51,14.46,15.9,22.37,12.33,10.89,23.48,11.99,19.21,6.02,12.68,8.69,7.93,11.09,12.72,4.17,6.69,5.27,6.85,6.86,2.96,17.71,11.51,5.2,3.24,7.24,5.98,25.18,15.87,15.78,18.02,17.58,14.29,14.07,16.35,16.18,12.89,11.91,11.12,14.7,11.88,14.11,11.33,10.94,11.71,10.14,11.08,10.44,13.98,18.56,12.43,15.13,14.75,12.87,10.32,13.62,16.26,10.8,14.1,10.64,23.47,8.09,10.94,16.22,14.31,11.69,13.91,14.96,12.79,9.34,6.24,9.55,6.16,11.29,14.24,10.93,9.06,9.06,9.06,13.28,11.91,9.81,12.98,10.78,12.91,7.85,10.05,4.78,13.52,13.06,6.3,7.11,18.81,4.3,2.71,12.14,2.8,9.37,15.23,14.99,15.84,5.84,1.04,7.9,0.0,7.0,12.28,21.71,2.83,8.45,4.57,24.61,9.48,35.03
119,29.13,12.14,11.63,11.83,11.0,10.11,10.84,8.89,9.09,8.35,8.03,8.71,8.7,7.04,9.02,10.12,15.81,7.24,6.4,16.83,6.65,12.53,4.86,6.43,3.66,3.44,4.96,6.09,4.42,2.68,3.34,2.5,2.43,5.24,10.76,4.63,1.8,9.92,13.95,3.44,32.0,15.19,15.1,14.83,13.97,12.2,12.12,12.48,12.39,11.4,11.43,14.27,11.48,11.07,11.11,11.35,11.77,10.73,11.61,10.46,10.81,9.93,13.02,9.24,10.48,10.23,9.23,8.95,9.51,10.95,8.37,9.36,7.99,17.09,8.73,7.73,10.62,9.12,7.61,8.77,9.48,7.86,15.39,10.34,15.67,8.74,6.57,8.41,6.12,5.37,5.37,5.37,7.49,6.45,4.93,19.75,5.31,6.82,4.33,4.49,5.39,7.09,6.62,3.71,3.43,12.01,4.94,8.02,5.6,6.14,3.16,8.4,8.13,8.93,1.86,6.98,0.97,7.0,0.0,19.22,14.76,7.77,2.79,10.53,31.25,10.35,41.4
120,20.2,20.51,25.32,26.14,25.59,21.77,27.53,23.12,24.7,20.33,21.76,17.72,25.3,21.93,26.37,27.9,34.58,24.22,22.67,35.73,23.98,31.48,17.64,24.9,20.82,20.02,23.31,24.99,16.12,18.87,17.39,19.05,19.07,14.85,29.97,23.78,17.42,9.33,5.48,17.33,12.99,24.24,24.17,28.31,28.24,24.22,23.94,27.29,27.09,22.63,21.07,16.34,25.39,21.32,24.73,20.21,19.19,21.34,18.05,20.59,19.32,25.25,30.36,23.42,26.63,26.22,24.04,20.61,24.96,28.03,21.63,25.71,21.63,35.61,17.73,22.16,28.13,26.12,23.23,25.72,26.87,24.58,9.45,13.51,9.22,15.27,23.11,26.3,22.82,20.79,20.79,20.79,25.36,23.94,21.81,6.1,22.87,25.08,19.73,22.19,16.22,25.76,25.3,18.28,19.17,31.09,16.02,12.48,24.41,14.22,21.63,27.51,27.27,28.11,18.12,12.59,20.15,12.28,19.22,0.0,33.72,11.88,20.14,9.28,12.76,16.01,23.54
121,42.59,22.85,18.2,17.52,17.0,19.77,13.89,17.15,15.52,19.14,17.61,21.19,14.1,16.45,12.76,11.69,8.63,13.77,14.94,8.22,13.36,7.27,18.27,11.3,14.76,15.47,12.38,10.4,18.82,16.1,17.5,15.85,15.8,19.87,5.41,10.73,16.53,24.41,28.3,16.44,46.17,23.81,23.75,19.46,18.16,20.07,20.22,17.02,17.15,20.49,21.72,27.11,17.91,21.15,18.15,22.21,23.25,20.77,23.7,21.04,22.21,15.94,12.73,17.24,14.77,15.0,16.53,19.5,15.74,13.15,18.07,14.45,17.69,10.27,21.2,16.91,12.25,13.39,15.58,13.53,12.62,14.04,29.89,24.36,30.19,22.38,14.55,11.78,14.45,16.1,16.1,16.1,12.12,13.17,14.59,34.49,13.51,11.58,16.33,13.67,19.41,10.43,10.68,17.12,16.25,6.46,19.2,22.67,10.98,20.73,13.32,8.0,7.95,7.11,16.27,21.74,13.93,21.71,14.76,33.72,0.0,21.88,13.59,24.59,45.13,20.66,54.66
122,25.94,14.75,17.12,17.67,16.92,14.28,17.8,14.4,15.4,12.39,13.13,10.82,15.51,12.71,16.21,17.54,23.58,14.16,12.85,24.6,13.72,20.3,8.34,14.04,10.36,9.68,12.48,13.84,6.41,8.37,7.18,8.46,8.45,5.4,18.43,12.39,6.08,2.79,6.43,5.45,24.37,18.63,18.54,20.46,19.92,16.86,16.66,18.61,18.46,15.52,14.65,13.85,17.08,14.58,16.52,14.1,13.75,14.38,12.97,13.78,13.22,16.16,20.33,14.76,17.17,16.81,15.11,12.91,15.77,18.09,13.23,16.08,13.02,24.82,10.84,13.22,17.93,16.15,13.8,15.76,16.71,14.69,11.19,8.97,11.34,8.99,13.19,15.83,12.8,11.13,11.13,11.13,14.87,13.6,11.6,13.89,12.42,14.35,9.85,11.63,7.28,14.78,14.31,8.3,8.97,19.77,6.7,5.48,13.32,5.49,10.66,16.17,15.88,16.65,7.23,3.87,8.74,2.83,7.77,11.88,21.88,0.0,8.29,2.77,23.52,6.86,33.63
123,31.56,14.92,14.04,14.13,13.29,12.81,12.61,11.38,11.3,11.1,10.65,11.48,10.66,9.57,10.67,11.47,16.19,9.23,8.7,17.03,8.55,12.82,7.62,7.69,6.12,6.09,6.56,6.94,6.92,5.47,6.01,5.27,5.2,7.47,10.49,5.19,3.76,10.86,14.71,2.85,32.61,17.9,17.81,17.13,16.16,14.79,14.73,14.64,14.58,14.08,14.19,16.94,13.86,13.81,13.56,14.14,14.55,13.47,14.37,13.23,13.59,12.15,14.4,11.71,12.44,12.25,11.6,11.69,11.72,12.56,11.02,11.35,10.62,17.65,11.5,10.28,12.06,10.9,9.95,10.61,11.08,9.87,17.46,12.79,17.72,11.34,8.78,9.84,8.34,7.98,7.98,7.98,9.04,8.31,7.26,21.42,7.31,8.2,7.05,6.57,8.0,8.08,7.66,6.49,6.19,12.12,7.47,10.08,6.64,8.35,5.09,8.64,8.29,8.91,4.56,8.73,2.96,8.45,2.79,20.14,13.59,8.29,0.0,11.0,31.65,8.79,41.47
124,24.98,16.25,19.29,19.9,19.19,16.22,20.31,16.65,17.8,14.39,15.32,12.46,18.02,15.05,18.8,20.17,26.32,16.71,15.33,27.35,16.31,23.06,10.58,16.74,12.95,12.23,15.16,16.58,8.68,10.94,9.65,11.06,11.05,7.52,21.2,15.15,8.81,1.86,3.81,8.15,21.62,20.2,20.11,22.59,22.15,18.82,18.6,20.9,20.74,17.39,16.31,14.43,19.27,16.32,18.68,15.66,15.12,16.18,14.2,15.52,14.75,18.52,22.91,17.0,19.62,19.25,17.42,14.86,18.14,20.65,15.37,18.56,15.21,27.53,12.48,15.49,20.54,18.7,16.2,18.3,19.3,17.2,10.39,9.73,10.46,10.31,15.7,18.47,15.32,13.54,13.54,13.54,17.51,16.2,14.15,12.05,15.04,17.03,12.29,14.26,9.35,17.5,17.03,10.73,11.48,22.54,8.86,6.6,16.05,7.34,13.36,18.93,18.64,19.42,9.88,5.46,11.49,4.57,10.53,9.28,24.59,2.77,11.0,0.0,20.75,7.69,30.89
125,27.29,33.14,38.07,38.9,38.35,34.52,40.21,35.87,37.42,33.09,34.5,30.48,37.96,34.63,38.97,40.46,46.95,36.82,35.3,48.03,36.54,43.74,30.27,37.28,33.29,32.51,35.69,37.24,28.64,31.29,29.85,31.45,31.46,27.37,41.94,35.88,29.49,21.42,17.38,28.8,2.64,36.76,36.7,41.05,40.99,36.95,36.66,40.05,39.85,35.36,33.76,28.6,38.15,34.04,37.49,32.89,31.81,34.07,30.67,33.32,32.02,37.99,43.01,36.17,39.35,38.93,36.78,33.37,37.68,40.69,34.39,38.4,34.37,48.07,30.49,34.89,40.74,38.76,35.92,38.35,39.47,37.22,21.59,26.24,21.3,28.03,35.73,38.83,35.42,33.43,33.43,33.43,37.87,36.48,34.36,16.6,35.37,37.51,32.31,34.65,28.86,38.1,37.63,30.81,31.68,43.26,28.61,25.16,36.69,26.81,33.94,39.65,39.38,40.17,30.41,25.08,32.21,24.61,31.25,12.76,45.13,23.52,31.65,20.75,0.0,25.26,10.85
126,32.58,20.75,21.77,22.08,21.26,19.61,21.16,18.98,19.41,17.69,17.92,16.8,19.05,17.13,19.28,20.21,24.81,17.59,16.71,25.54,16.98,21.44,13.49,16.42,13.95,13.55,15.15,15.73,11.75,12.4,11.86,12.35,12.3,11.22,18.82,13.98,9.55,9.07,10.98,6.93,26.74,24.42,24.32,25.06,24.26,22.02,21.88,22.8,22.7,20.92,20.41,20.59,21.65,20.22,21.22,20.03,19.93,19.95,19.3,19.47,19.23,20.25,23.14,19.34,20.84,20.58,19.45,18.28,19.82,21.2,18.16,19.71,17.84,26.33,16.82,17.77,20.77,19.43,17.88,19.1,19.72,18.22,17.87,15.71,17.98,15.39,16.91,18.54,16.46,15.41,15.41,15.41,17.68,16.77,15.25,19.68,15.65,16.9,14.18,14.84,12.9,16.86,16.44,12.9,13.18,20.66,12.24,12.19,15.4,11.67,13.45,17.33,16.95,17.48,11.07,10.47,11.11,9.48,10.35,16.01,20.66,6.86,8.79,7.69,25.26,0.0,34.18
127,36.69,43.98,48.84,49.64,49.07,45.31,50.8,46.57,48.06,43.83,45.2,41.25,48.54,45.26,49.48,50.93,57.21,47.34,45.85,58.23,47.02,53.93,40.84,47.61,43.71,42.95,46.03,47.47,39.14,41.7,40.3,41.84,41.85,37.88,51.93,46.01,39.7,31.79,27.81,38.68,11.59,47.61,47.55,51.85,51.76,47.76,47.47,50.78,50.58,46.17,44.58,39.43,48.9,44.86,48.25,43.72,42.66,44.88,41.51,44.13,42.84,48.66,53.56,46.88,49.98,49.57,47.46,44.13,48.34,51.24,45.1,49.0,45.07,58.42,41.26,45.55,51.24,49.3,46.53,48.9,49.98,47.77,32.43,37.05,32.14,38.8,46.27,49.26,45.94,43.99,43.99,43.99,48.3,46.94,44.84,27.35,45.8,47.88,42.83,45.06,39.45,48.39,47.92,41.3,42.14,53.38,39.15,35.81,46.94,37.38,44.24,49.78,49.48,50.22,40.73,35.59,42.37,35.03,41.4,23.54,54.66,33.63,41.47,30.89,10.85,34.18,0.0
